id,first_name,last_name,email,gender,ip_address,dob
1,Conrad,Deschelle,cdeschelle0@google.com,Male,114.89.201.156,1982-09-09
2,Dian,Nassau,dnassau1@ycombinator.com,Female,95.223.52.112,1970-04-25
3,Correy,Manz,cmanz2@mapquest.com,Female,40.76.247.50,1995-10-24
4,Tamiko,Pudding,tpudding3@surveymonkey.com,Female,164.109.155.219,1994-06-13
5,Wendell,Ondrus,wondrus4@cbsnews.com,Male,219.67.110.253,1986-09-15
6,Winonah,Tiltman,wtiltman5@gov.uk,Female,80.130.170.20,1972-08-07
7,Gwendolin,Hartwell,ghartwell6@addtoany.com,Female,244.3.162.86,1999-08-06
8,Beret,Mattussevich,bmattussevich7@ycombinator.com,Female,240.231.125.242,2004-01-06
9,Adelaida,Dilleston,adilleston8@zimbio.com,Female,67.104.240.96,1983-05-04
10,Krystle,Noulton,knoulton9@nytimes.com,Female,195.77.169.53,2013-06-01
11,Pepe,Shelliday,pshellidaya@chron.com,Male,127.87.117.195,2015-12-09
12,Rahel,Capstick,rcapstickb@moonfruit.com,Female,188.141.212.28,2003-09-01
13,Helene,Sommerlie,hsommerliec@linkedin.com,Female,46.203.156.182,1995-09-01
14,Kathryne,Charer,kcharerd@mapquest.com,Female,245.242.209.3,1978-06-12
15,Rosy,Grane,rgranee@icio.us,Female,203.103.250.159,2006-05-07
16,Aila,Treweela,atreweelaf@spotify.com,Female,56.150.229.207,1998-12-05
17,Ethelbert,Stillgoe,estillgoeg@wikia.com,Male,176.131.209.10,1997-04-27
18,Nanete,Flott,nflotth@tumblr.com,Female,217.85.247.47,2009-07-26
19,Timofei,Driver,tdriveri@mashable.com,Male,158.161.81.98,1995-12-04
20,Ardelle,Bonass,abonassj@narod.ru,Female,160.67.187.82,1998-09-06
21,Fania,Allcoat,fallcoatk@ocn.ne.jp,Female,163.105.144.112,2005-02-10
22,Luke,Cristofari,lcristofaril@sun.com,Male,38.188.251.56,2002-04-14
23,Tedman,Ekins,tekinsm@last.fm,Male,8.139.178.85,1999-01-25
24,Jordan,Ketch,jketchn@canalblog.com,Male,109.69.70.83,1993-07-06
25,Bordie,Say,bsayo@360.cn,Male,143.3.214.87,1990-07-31
26,Renado,Berkely,rberkelyp@google.nl,Male,134.139.183.31,2012-07-01
27,Annette,Perago,aperagoq@php.net,Female,119.128.204.219,1980-06-16
28,Moises,Gierhard,mgierhardr@mail.ru,Male,99.204.224.70,1997-09-18
29,Joella,Kidgell,jkidgells@dedecms.com,Female,236.39.180.43,2018-02-23
30,Kippy,Martinovic,kmartinovict@princeton.edu,Female,91.87.95.254,1993-07-23
31,Bobine,Josebury,bjoseburyu@bigcartel.com,Female,49.66.128.34,1986-09-07
32,Blisse,McKernan,bmckernanv@sciencedirect.com,Female,188.211.112.80,2010-01-17
33,Noami,Nockolds,nnockoldsw@squarespace.com,Female,141.226.81.243,1996-01-10
34,Homere,Melhuish,hmelhuishx@joomla.org,Male,72.150.185.20,2006-02-26
35,Kiley,Cornwell,kcornwelly@shutterfly.com,Female,45.104.212.136,2009-01-16
36,Hew,Quilter,hquilterz@exblog.jp,Male,239.153.67.201,2002-04-18
37,Corie,Lafay,clafay10@ebay.com,Female,64.8.193.74,2007-03-05
38,Marlie,Thornber,mthornber11@gov.uk,Female,174.40.184.106,1971-09-22
39,Aaron,Pellatt,apellatt12@ucoz.com,Male,137.252.85.20,1988-02-26
40,Marlowe,De Ortega,mdeortega13@princeton.edu,Male,70.104.234.94,1985-12-06
41,Blisse,Cummings,bcummings14@cloudflare.com,Female,184.204.207.122,2017-08-05
42,Ninnette,Boddy,nboddy15@imageshack.us,Female,240.37.223.52,1982-03-30
43,Fania,Harry,fharry16@nps.gov,Female,222.91.238.190,1973-01-09
44,Gaylene,Bucktrout,gbucktrout17@springer.com,Female,103.159.221.190,1974-02-03
45,Clerc,Rubinovitsch,crubinovitsch18@ebay.com,Male,119.94.63.145,2010-12-07
46,Rickie,Mattecot,rmattecot19@ucoz.ru,Male,198.14.224.239,2006-10-18
47,Britney,Vickress,bvickress1a@tuttocitta.it,Female,103.198.0.0,1972-05-04
48,Forrest,Ratley,fratley1b@hatena.ne.jp,Male,134.93.81.178,1997-07-21
49,Kele,Izkovitch,kizkovitch1c@a8.net,Male,120.133.192.70,2004-08-02
50,Chet,Constant,cconstant1d@youku.com,Male,184.158.174.145,1990-11-13
51,Brynne,Bispo,bbispo1e@wikispaces.com,Female,253.9.167.10,1992-04-10
52,Padraic,Bodle,pbodle1f@hatena.ne.jp,Male,119.240.30.14,1976-04-05
53,Hanni,Asser,hasser1g@wired.com,Female,189.1.161.210,2004-01-08
54,Garvey,Draycott,gdraycott1h@topsy.com,Male,224.115.95.190,2009-03-06
55,Myrah,Bisp,mbisp1i@wp.com,Female,64.145.86.33,1984-06-24
56,Markus,Viney,mviney1j@nifty.com,Male,155.241.128.134,1986-01-29
57,Arthur,Irvin,airvin1k@seattletimes.com,Male,144.117.48.234,1991-09-16
58,Siouxie,Dysart,sdysart1l@admin.ch,Female,140.36.98.247,1970-08-31
59,Abeu,Jagoe,ajagoe1m@plala.or.jp,Male,161.170.20.93,2003-08-30
60,Garner,Romaint,gromaint1n@google.es,Male,149.249.250.111,1986-04-28
61,Oswell,Hubert,ohubert1o@is.gd,Male,133.98.151.47,1977-11-12
62,Winonah,Mooney,wmooney1p@time.com,Female,64.166.203.128,1984-01-30
63,Hyman,Revitt,hrevitt1q@cyberchimps.com,Male,133.196.103.194,2010-01-26
64,Rogers,Cornick,rcornick1r@vimeo.com,Male,247.10.0.87,1989-10-22
65,Barrie,Eglaise,beglaise1s@intel.com,Male,239.152.108.20,1991-07-12
66,Francoise,Elks,felks1t@marketwatch.com,Female,152.202.3.111,1988-05-14
67,Alwyn,Fearnill,afearnill1u@constantcontact.com,Male,128.226.125.197,2010-07-04
68,Luella,Brockie,lbrockie1v@constantcontact.com,Female,38.107.85.50,2010-09-12
69,Gerhardt,Nelsey,gnelsey1w@shareasale.com,Male,140.112.113.123,1991-08-24
70,Mick,Ferneley,mferneley1x@seesaa.net,Male,113.244.208.173,1984-03-03
71,Kaile,Preston,kpreston1y@naver.com,Female,234.53.175.139,1979-02-10
72,Nicole,Van Brug,nvanbrug1z@simplemachines.org,Female,251.166.10.79,1988-03-05
73,Salaidh,Oakenfall,soakenfall20@webnode.com,Female,110.115.144.119,1989-08-31
74,Elli,Sapsford,esapsford21@marketwatch.com,Female,15.23.139.36,2007-10-01
75,Kessiah,Metherell,kmetherell22@wikipedia.org,Female,106.248.165.50,2007-08-16
76,Clerc,Pettigree,cpettigree23@about.com,Male,50.7.71.25,2004-04-14
77,Keary,Gossage,kgossage24@umn.edu,Male,194.11.63.211,2006-05-02
78,Seka,Wheldon,swheldon25@vkontakte.ru,Female,14.79.91.128,1985-02-04
79,Tildie,Venning,tvenning26@cnn.com,Female,51.124.252.114,1999-12-14
80,Boycey,Tissington,btissington27@berkeley.edu,Male,8.97.198.88,1986-10-08
81,Addie,Bentinck,abentinck28@ibm.com,Female,237.224.88.185,1998-12-26
82,Karen,Bourdon,kbourdon29@unc.edu,Female,60.67.98.200,1970-10-30
83,Enrica,Barratt,ebarratt2a@topsy.com,Female,71.16.189.158,1978-06-01
84,Lynnea,Bonnesen,lbonnesen2b@msu.edu,Female,103.221.64.73,1989-06-16
85,Bay,Chataignier,bchataignier2c@goo.gl,Male,248.71.94.242,1994-11-12
86,Morty,O'Rafferty,morafferty2d@twitter.com,Male,214.58.193.40,1972-11-21
87,Cosetta,Staples,cstaples2e@psu.edu,Female,195.90.101.213,2010-04-15
88,Sloan,Biset,sbiset2f@pagesperso-orange.fr,Male,235.131.59.15,2012-07-06
89,Dara,Houlden,dhoulden2g@hubpages.com,Female,80.24.238.141,2008-12-13
90,Zared,Freshwater,zfreshwater2h@e-recht24.de,Male,243.32.190.12,2003-04-05
91,Trent,Chang,tchang2i@weather.com,Male,136.18.152.204,1971-04-13
92,Amalee,Godbehere,agodbehere2j@blogger.com,Female,167.25.188.176,1970-11-02
93,Charles,Couling,ccouling2k@twitpic.com,Male,87.176.184.152,1991-04-13
94,Conn,Sheepy,csheepy2l@unblog.fr,Male,37.147.109.25,2001-11-29
95,Dwayne,Brunskill,dbrunskill2m@google.fr,Male,108.20.172.113,1981-05-10
96,Fiona,Quinell,fquinell2n@51.la,Female,203.68.141.221,1972-10-25
97,Letitia,Noads,lnoads2o@dmoz.org,Female,117.124.52.236,1983-02-13
98,Tierney,Le Ball,tleball2p@wired.com,Female,157.20.97.239,1998-04-27
99,Maggie,Schach,mschach2q@icio.us,Female,57.192.25.47,2009-09-17
100,Morty,Alexander,malexander2r@barnesandnoble.com,Male,153.101.140.120,1980-06-03
101,Lisa,Shaylor,lshaylor2s@squidoo.com,Female,17.77.182.16,1986-01-08
102,Katha,Lerhinan,klerhinan2t@reverbnation.com,Female,87.175.49.10,1976-12-08
103,Brynne,Drennan,bdrennan2u@xrea.com,Female,209.215.49.10,1977-12-19
104,Derrick,Pride,dpride2v@ifeng.com,Male,114.230.16.153,2010-08-31
105,Clarie,Vaudin,cvaudin2w@washingtonpost.com,Female,41.173.222.174,1985-01-23
106,Gordan,Arrell,garrell2x@omniture.com,Male,154.252.247.33,2001-11-26
107,Marylin,Bugge,mbugge2y@phoca.cz,Female,159.147.172.53,1999-01-09
108,Jed,Baldazzi,jbaldazzi2z@ustream.tv,Male,91.123.146.93,2010-04-04
109,Howie,Dinesen,hdinesen30@washingtonpost.com,Male,68.207.73.65,1996-10-30
110,Lacy,Moverley,lmoverley31@yahoo.com,Female,121.163.250.183,1977-05-20
111,Michaeline,Ludgate,mludgate32@elegantthemes.com,Female,89.25.95.57,1976-08-27
112,Ashlin,McBrearty,amcbrearty33@ucoz.ru,Male,29.25.129.32,2000-04-10
113,Rolph,Garrat,rgarrat34@nasa.gov,Male,24.73.110.130,1993-08-05
114,Mariellen,Wickman,mwickman35@gmpg.org,Female,218.34.234.164,1999-04-19
115,Jemie,London,jlondon36@edublogs.org,Female,72.130.150.149,1986-01-29
116,Shay,Wigsell,swigsell37@seesaa.net,Male,247.201.136.249,1998-05-18
117,Emmott,Lambot,elambot38@youtu.be,Male,244.23.250.127,1970-10-31
118,Eleanor,Mathissen,emathissen39@4shared.com,Female,200.99.248.136,1980-09-08
119,Witty,Boutcher,wboutcher3a@huffingtonpost.com,Male,42.229.213.79,2006-06-21
120,Krystyna,Roja,kroja3b@toplist.cz,Female,48.147.58.15,2004-09-14
121,Allen,Standing,astanding3c@smugmug.com,Male,82.157.53.178,2003-12-11
122,Liuka,Ferran,lferran3d@hubpages.com,Female,24.196.6.172,1977-08-18
123,Diego,Redferne,dredferne3e@trellian.com,Male,18.78.45.6,1986-07-04
124,Cristen,Maddrell,cmaddrell3f@google.com,Female,243.77.136.81,1973-12-14
125,Tony,Rottgers,trottgers3g@telegraph.co.uk,Male,222.253.53.49,1991-05-09
126,Patric,Cunio,pcunio3h@ihg.com,Male,202.170.198.171,1973-12-02
127,Estevan,Kahler,ekahler3i@spiegel.de,Male,45.177.4.223,1996-09-16
128,Brandon,Bourne,bbourne3j@ow.ly,Male,91.160.138.237,1989-02-01
129,Juan,Pietrusiak,jpietrusiak3k@unicef.org,Male,51.193.215.190,1975-04-13
130,Jerome,Byron,jbyron3l@ft.com,Male,229.112.224.244,2014-03-18
131,Sydney,Harme,sharme3m@msu.edu,Female,17.171.220.184,1977-04-11
132,Avictor,Mugford,amugford3n@dedecms.com,Male,118.72.38.11,1993-10-23
133,Liane,Terrans,lterrans3o@google.de,Female,78.184.145.55,1980-02-22
134,Reiko,Squirrel,rsquirrel3p@paypal.com,Female,142.157.44.173,1971-03-31
135,Willard,Marcome,wmarcome3q@bandcamp.com,Male,161.134.149.52,1998-10-05
136,Luther,Caslane,lcaslane3r@istockphoto.com,Male,128.244.180.100,2015-01-09
137,Anabel,Southouse,asouthouse3s@tumblr.com,Female,59.1.108.107,2009-04-08
138,Lannie,Baird,lbaird3t@ox.ac.uk,Male,165.38.221.133,2009-08-05
139,Normy,Seabrocke,nseabrocke3u@furl.net,Male,196.29.7.85,2003-09-01
140,Bili,Petracek,bpetracek3v@cyberchimps.com,Female,202.192.197.241,2000-10-05
141,Sisile,Stallebrass,sstallebrass3w@usa.gov,Female,53.197.90.69,1999-01-05
142,Noell,Coxon,ncoxon3x@icq.com,Female,171.35.5.250,1974-06-25
143,Gian,Sharrocks,gsharrocks3y@technorati.com,Male,102.5.191.185,2011-08-08
144,Mendie,McGillicuddy,mmcgillicuddy3z@bandcamp.com,Male,33.16.187.138,1992-11-28
145,Madeleine,Springer,mspringer40@wordpress.org,Female,1.109.218.161,2001-06-10
146,Prissie,Scholar,pscholar41@xinhuanet.com,Female,205.88.58.218,2001-01-25
147,Nathanil,Ledford,nledford42@i2i.jp,Male,94.156.236.45,2017-02-15
148,Hadley,Flowith,hflowith43@google.fr,Male,55.14.187.164,2015-04-30
149,Kiley,Serris,kserris44@webeden.co.uk,Male,154.217.112.220,1988-09-25
150,Konstanze,Pisco,kpisco45@stanford.edu,Female,72.36.65.110,1978-01-20
151,Ettore,Ragbourne,eragbourne46@163.com,Male,222.241.210.57,1979-12-29
152,Maren,Patriskson,mpatriskson47@java.com,Female,69.189.167.2,2006-09-01
153,Dore,Batterbee,dbatterbee48@webmd.com,Male,240.165.246.33,1987-05-11
154,Scarlett,Euesden,seuesden49@usatoday.com,Female,128.202.44.138,1998-05-31
155,Terence,Enden,tenden4a@state.gov,Male,255.226.63.194,1987-03-05
156,Lukas,Burlingame,lburlingame4b@reddit.com,Male,151.75.245.105,2005-08-09
157,Daphne,Cosstick,dcosstick4c@about.me,Female,67.244.135.203,1975-12-26
158,Raul,Gogay,rgogay4d@cbc.ca,Male,9.24.205.39,1994-10-06
159,Keslie,Cadle,kcadle4e@php.net,Female,110.91.169.138,1970-06-03
160,Inglis,Godden,igodden4f@ca.gov,Male,254.223.9.252,1993-01-23
161,Mollie,Quartley,mquartley4g@deviantart.com,Female,240.46.212.50,1971-04-05
162,Rolland,Amos,ramos4h@nps.gov,Male,59.99.224.158,2014-02-01
163,Sephira,Capelin,scapelin4i@mlb.com,Female,169.58.63.36,2010-06-22
164,Lina,Poulsom,lpoulsom4j@businesswire.com,Female,250.47.219.19,1982-10-20
165,Gilberte,Holtaway,gholtaway4k@prnewswire.com,Female,24.164.73.189,1986-06-16
166,Rock,Carrel,rcarrel4l@wiley.com,Male,9.160.67.62,1986-03-24
167,Lilllie,Crosi,lcrosi4m@deliciousdays.com,Female,3.91.0.255,1998-10-01
168,Matthus,Zavattero,mzavattero4n@baidu.com,Male,52.57.32.236,1983-07-02
169,Jacquenetta,Hoovart,jhoovart4o@cargocollective.com,Female,34.128.227.209,2010-04-03
170,Lorettalorna,Cowap,lcowap4p@huffingtonpost.com,Female,199.99.78.150,2005-02-26
171,Caye,Batterham,cbatterham4q@com.com,Female,13.238.226.171,1999-12-28
172,Timothee,Ragate,tragate4r@delicious.com,Male,234.242.27.229,2000-07-20
173,Deane,Stiven,dstiven4s@umn.edu,Female,121.25.36.84,1984-06-30
174,Alleyn,Balsom,abalsom4t@ning.com,Male,57.43.241.94,2000-02-26
175,Hailey,Fellibrand,hfellibrand4u@123-reg.co.uk,Male,41.148.11.159,1985-01-28
176,Krissy,Doubleday,kdoubleday4v@ezinearticles.com,Female,44.69.177.164,2003-07-30
177,Collete,Boyde,cboyde4w@dell.com,Female,106.104.67.85,2002-05-11
178,Donavon,Ellum,dellum4x@oracle.com,Male,12.151.14.10,2011-03-30
179,Benedikt,Sehorsch,bsehorsch4y@state.gov,Male,148.118.147.169,2017-09-10
180,Bell,Kleinstern,bkleinstern4z@soup.io,Female,73.243.213.187,1976-10-10
181,Bamby,Leaburn,bleaburn50@sohu.com,Female,97.32.92.166,2002-01-19
182,Minette,Kreber,mkreber51@goodreads.com,Female,68.239.82.207,1981-03-09
183,Sean,Hlavac,shlavac52@huffingtonpost.com,Male,250.127.182.109,1974-11-09
184,Valli,Lorman,vlorman53@fotki.com,Female,187.140.222.123,2010-09-12
185,Warren,Ioselevich,wioselevich54@ezinearticles.com,Male,59.190.63.76,1998-06-23
186,Hugo,Heindle,hheindle55@usda.gov,Male,117.23.10.119,2006-12-20
187,Helen-elizabeth,Duffitt,hduffitt56@friendfeed.com,Female,129.86.186.131,1994-06-10
188,Osborne,Assante,oassante57@mysql.com,Male,33.214.160.176,1978-02-17
189,Claude,Gogerty,cgogerty58@cpanel.net,Female,246.190.195.91,1992-03-29
190,Lindsay,Sage,lsage59@imageshack.us,Female,104.27.148.208,2002-06-02
191,Ferd,Enoch,fenoch5a@salon.com,Male,226.84.244.222,1992-10-15
192,Gennie,Agiolfinger,gagiolfinger5b@nationalgeographic.com,Female,0.176.101.252,1972-12-09
193,Adeline,Callender,acallender5c@barnesandnoble.com,Female,58.166.194.211,1987-10-11
194,Boyce,Duddle,bduddle5d@ycombinator.com,Male,116.223.189.244,1990-08-31
195,Roxi,Krolle,rkrolle5e@mac.com,Female,179.53.91.154,2009-05-29
196,Jordain,Ballston,jballston5f@irs.gov,Female,172.2.242.76,1984-06-20
197,Madelin,Valentin,mvalentin5g@skyrock.com,Female,142.39.225.219,1984-06-23
198,Henka,Dolman,hdolman5h@economist.com,Female,120.39.126.101,2003-01-25
199,Nadya,Knuckles,nknuckles5i@netvibes.com,Female,126.84.145.39,1996-04-18
200,Cullie,Kliesl,ckliesl5j@time.com,Male,37.139.53.18,1988-08-05
201,Genny,Besnard,gbesnard5k@goodreads.com,Female,96.237.202.236,2005-10-22
202,Silvester,Vasilik,svasilik5l@homestead.com,Male,21.154.75.104,1993-07-23
203,Barrie,Ruddoch,bruddoch5m@barnesandnoble.com,Male,159.233.0.149,1985-01-06
204,Hynda,Lohrensen,hlohrensen5n@smugmug.com,Female,255.151.84.253,2010-09-05
205,Danica,Choke,dchoke5o@tinypic.com,Female,77.230.69.254,1981-07-28
206,Dirk,Wheildon,dwheildon5p@spotify.com,Male,89.50.45.159,2014-10-08
207,Belicia,Hallihan,bhallihan5q@google.ca,Female,171.130.166.9,1975-08-25
208,Camile,Dooly,cdooly5r@gravatar.com,Female,80.142.225.188,2003-08-23
209,Schuyler,Boome,sboome5s@godaddy.com,Male,247.148.157.111,2007-04-13
210,Fanya,O'Driscole,fodriscole5t@unicef.org,Female,194.2.142.44,1972-01-14
211,Grannie,Gateshill,ggateshill5u@stumbleupon.com,Male,183.238.255.174,2008-04-08
212,Karen,Carrabot,kcarrabot5v@a8.net,Female,121.206.70.7,1972-08-18
213,Gabby,Yesenin,gyesenin5w@people.com.cn,Male,152.236.234.247,1985-11-26
214,Cristie,Seedhouse,cseedhouse5x@pagesperso-orange.fr,Female,155.120.230.41,2018-01-29
215,Kevon,Horsewood,khorsewood5y@godaddy.com,Male,199.122.31.71,2011-11-08
216,Ira,Standage,istandage5z@odnoklassniki.ru,Female,190.177.1.188,2014-03-27
217,Dalis,Pattullo,dpattullo60@microsoft.com,Male,15.20.200.100,2005-01-27
218,Noe,Winfield,nwinfield61@goo.ne.jp,Male,113.127.148.155,2005-09-26
219,Rowe,Colthard,rcolthard62@house.gov,Female,34.102.63.230,2005-11-14
220,Davie,Benitti,dbenitti63@studiopress.com,Male,128.59.139.208,1980-04-02
221,Margret,Aguilar,maguilar64@scribd.com,Female,207.168.79.226,1978-08-15
222,Perri,Miners,pminers65@pagesperso-orange.fr,Female,251.13.93.209,2011-03-06
223,Donalt,Pearl,dpearl66@disqus.com,Male,69.152.189.171,1983-12-28
224,Dur,Joire,djoire67@shop-pro.jp,Male,163.105.31.197,2009-07-31
225,Rab,Trustrie,rtrustrie68@java.com,Male,201.137.70.82,2008-01-02
226,Ronica,Rysom,rrysom69@admin.ch,Female,77.33.9.103,1987-08-31
227,Fons,Goudge,fgoudge6a@sogou.com,Male,117.94.199.237,1998-02-26
228,Christoforo,Samett,csamett6b@1und1.de,Male,97.245.15.143,1991-11-05
229,Thedric,Castagneri,tcastagneri6c@census.gov,Male,180.117.208.112,1994-02-27
230,Robbie,Bucktharp,rbucktharp6d@gravatar.com,Female,46.106.215.49,1994-06-16
231,Vikki,Ladd,vladd6e@wix.com,Female,176.222.188.46,2003-10-12
232,Collen,Dalli,cdalli6f@ft.com,Female,220.6.228.116,1973-04-21
233,Lorry,Burchett,lburchett6g@craigslist.org,Female,152.190.254.78,2007-05-10
234,Barny,Gaye,bgaye6h@globo.com,Male,73.223.207.150,1971-08-30
235,Roscoe,Isted,risted6i@nymag.com,Male,143.206.208.113,2006-12-08
236,Kendra,Farres,kfarres6j@amazonaws.com,Female,188.8.161.166,1993-01-11
237,Alla,Harrald,aharrald6k@wisc.edu,Female,208.133.176.60,1985-04-01
238,Marsh,Handrok,mhandrok6l@barnesandnoble.com,Male,28.81.16.153,1993-05-01
239,Archaimbaud,Gallemore,agallemore6m@etsy.com,Male,83.192.141.246,2015-10-18
240,Bary,Maasze,bmaasze6n@bravesites.com,Male,177.134.217.34,1978-08-31
241,Helen,Lanphier,hlanphier6o@jalbum.net,Female,216.126.246.87,1977-12-16
242,Tara,Spaunton,tspaunton6p@illinois.edu,Female,0.31.69.81,1986-12-07
243,Burtie,Sterling,bsterling6q@businessweek.com,Male,102.144.52.16,2003-08-09
244,Sidney,Sallenger,ssallenger6r@pcworld.com,Male,66.73.176.168,1998-05-03
245,Freddie,Shoard,fshoard6s@unc.edu,Female,52.9.160.177,1984-02-02
246,Ronald,Lagneaux,rlagneaux6t@huffingtonpost.com,Male,255.21.3.51,1984-09-14
247,Katharina,Sjollema,ksjollema6u@vk.com,Female,40.205.143.79,2002-12-08
248,Michaeline,Grassick,mgrassick6v@blogtalkradio.com,Female,137.87.249.187,2001-03-12
249,Jarred,Stickley,jstickley6w@opensource.org,Male,234.189.236.226,1983-12-13
250,Eldridge,Janczewski,ejanczewski6x@vkontakte.ru,Male,63.110.74.16,1980-08-22
251,Tobit,MacCostigan,tmaccostigan6y@army.mil,Male,85.82.77.246,1987-02-27
252,Germain,Bushe,gbushe6z@bbc.co.uk,Male,196.52.84.2,2004-07-06
253,Ethelred,Breeze,ebreeze70@cnet.com,Male,251.46.157.252,2005-07-13
254,Charlean,Stanlock,cstanlock71@go.com,Female,55.67.215.65,1979-01-26
255,Hillard,Bere,hbere72@tiny.cc,Male,78.32.81.245,1999-11-27
256,Cassie,Gingel,cgingel73@shinystat.com,Male,230.93.193.149,1970-10-29
257,Errick,Elcy,eelcy74@mail.ru,Male,179.98.186.179,2009-04-26
258,Terri,McCann,tmccann75@europa.eu,Male,27.163.26.2,2011-06-08
259,Giordano,Duddan,gduddan76@mac.com,Male,118.205.106.198,1996-12-05
260,Tiffani,Pauleau,tpauleau77@fotki.com,Female,233.117.174.34,1977-06-02
261,Yvonne,Probate,yprobate78@berkeley.edu,Female,171.244.246.222,2007-04-09
262,Annaliese,Enrigo,aenrigo79@ustream.tv,Female,105.178.151.250,1979-09-23
263,Simona,Eccott,seccott7a@phoca.cz,Female,191.233.158.0,1980-02-16
264,Perri,Luggar,pluggar7b@sphinn.com,Female,213.19.208.67,2014-02-19
265,Sheffy,Ruperti,sruperti7c@wordpress.org,Male,69.138.65.107,1988-04-25
266,Dewie,Lindenboim,dlindenboim7d@cisco.com,Male,19.122.202.138,2007-07-27
267,Thomasina,Brumen,tbrumen7e@hc360.com,Female,138.42.14.9,2010-10-11
268,Boniface,Asgodby,basgodby7f@comcast.net,Male,60.37.250.185,2007-02-07
269,Nadean,Rene,nrene7g@icq.com,Female,239.150.199.84,1985-07-08
270,Merla,Bradburne,mbradburne7h@china.com.cn,Female,124.185.93.243,1997-03-25
271,Arnold,Walsh,awalsh7i@mit.edu,Male,148.193.33.49,1986-07-23
272,Baron,Gittings,bgittings7j@accuweather.com,Male,4.165.0.74,2006-05-02
273,Hortensia,Bruins,hbruins7k@cpanel.net,Female,156.9.241.204,1974-05-10
274,Zsazsa,Brookz,zbrookz7l@ucoz.ru,Female,29.247.79.199,1975-12-16
275,Stephie,Lighton,slighton7m@google.ca,Female,57.153.109.107,2013-08-25
276,Larissa,Balderston,lbalderston7n@youku.com,Female,244.119.25.176,1994-07-10
277,Silvana,Hardiman,shardiman7o@ed.gov,Female,212.45.237.210,1978-03-27
278,Constantino,Dahle,cdahle7p@taobao.com,Male,140.138.198.219,1976-10-13
279,Margit,O'Griffin,mogriffin7q@google.fr,Female,23.127.221.120,1975-04-20
280,Penny,Baden,pbaden7r@godaddy.com,Male,172.189.94.203,1985-04-26
281,Denney,Mawson,dmawson7s@wufoo.com,Male,45.65.45.219,1973-04-29
282,Allissa,Beswetherick,abeswetherick7t@squarespace.com,Female,224.63.246.163,2015-02-12
283,Rudiger,Loosemore,rloosemore7u@hubpages.com,Male,31.59.152.142,1987-05-17
284,Arlen,Elstone,aelstone7v@networksolutions.com,Male,232.116.127.158,2017-05-28
285,Lyle,Illingsworth,lillingsworth7w@quantcast.com,Male,121.70.219.86,2001-02-22
286,Danica,Hosby,dhosby7x@google.de,Female,76.92.189.43,2005-01-19
287,Yehudi,Robjohns,yrobjohns7y@blinklist.com,Male,147.7.87.127,1996-11-22
288,Sibbie,Caps,scaps7z@slideshare.net,Female,156.39.52.87,1995-05-19
289,Knox,Girod,kgirod80@themeforest.net,Male,70.76.26.55,1998-01-09
290,Ulrica,Phinnessy,uphinnessy81@blogger.com,Female,219.13.39.109,2018-01-24
291,Garik,McGlue,gmcglue82@umn.edu,Male,157.207.82.49,1974-12-15
292,Tiler,Berriman,tberriman83@google.es,Male,28.88.3.215,1980-03-09
293,Rory,Ilbert,rilbert84@va.gov,Female,185.187.79.229,1985-04-15
294,Jackson,Llewellin,jllewellin85@cisco.com,Male,217.64.151.247,1977-08-18
295,Sibella,Tinton,stinton86@examiner.com,Female,141.76.140.27,1994-04-25
296,Melodee,Giacomasso,mgiacomasso87@cbsnews.com,Female,49.192.170.118,2012-03-14
297,Maybelle,Judkins,mjudkins88@google.fr,Female,64.4.215.73,2008-09-29
298,Pansy,Rowthorn,prowthorn89@paypal.com,Female,7.66.70.78,2008-04-21
299,Mace,Ludlamme,mludlamme8a@smugmug.com,Male,1.150.49.85,1987-08-14
300,Nicolette,Portigall,nportigall8b@businessinsider.com,Female,214.32.164.153,2002-09-04
301,Gill,Leftley,gleftley8c@naver.com,Male,168.145.111.14,2011-04-19
302,Taylor,Rubbert,trubbert8d@clickbank.net,Male,96.242.227.70,1996-02-23
303,Cherin,Konzel,ckonzel8e@baidu.com,Female,147.228.181.208,1983-07-23
304,Brunhilde,Steed,bsteed8f@w3.org,Female,227.233.44.104,1979-04-21
305,Christy,Carless,ccarless8g@mozilla.org,Male,220.91.220.68,2006-10-23
306,Cherianne,Belfit,cbelfit8h@china.com.cn,Female,6.24.201.17,1972-03-11
307,Koralle,Blackmore,kblackmore8i@reverbnation.com,Female,59.234.43.228,1990-07-14
308,Randi,Gittings,rgittings8j@go.com,Female,31.34.30.144,1985-06-23
309,Orland,McKibbin,omckibbin8k@nba.com,Male,65.52.74.185,1994-10-10
310,Kikelia,Brear,kbrear8l@time.com,Female,44.87.141.127,2015-03-11
311,Dorita,Dodsworth,ddodsworth8m@shinystat.com,Female,171.61.120.29,1978-10-19
312,Diannne,Cords,dcords8n@51.la,Female,91.202.231.128,1997-06-13
313,Melvin,Gibberd,mgibberd8o@hatena.ne.jp,Male,197.204.116.245,2009-10-16
314,Parnell,Percy,ppercy8p@zimbio.com,Male,102.85.56.137,1998-04-02
315,Timoteo,Fuchs,tfuchs8q@digg.com,Male,4.43.83.34,1973-12-31
316,Esmaria,Coupman,ecoupman8r@rediff.com,Female,1.8.180.231,1994-06-26
317,Elroy,Eykelhof,eeykelhof8s@epa.gov,Male,214.91.170.110,2012-03-23
318,Dewitt,Pelosi,dpelosi8t@narod.ru,Male,100.93.203.22,1996-03-15
319,Monika,Kingsnorth,mkingsnorth8u@privacy.gov.au,Female,228.54.224.28,2009-02-20
320,Yetta,Snodin,ysnodin8v@oakley.com,Female,131.0.134.102,1994-11-13
321,Keen,Heinert,kheinert8w@oakley.com,Male,181.150.157.161,1981-12-04
322,Far,Maffei,fmaffei8x@nymag.com,Male,218.253.56.124,2006-04-26
323,Emmalyn,Kobisch,ekobisch8y@theatlantic.com,Female,222.134.119.41,2001-09-02
324,Hort,Neilands,hneilands8z@google.pl,Male,108.228.224.2,1988-12-10
325,Shari,Signori,ssignori90@macromedia.com,Female,161.173.131.186,2017-09-01
326,Beatrix,Norwell,bnorwell91@smugmug.com,Female,183.160.149.213,2006-05-06
327,Billye,Spriggs,bspriggs92@bbc.co.uk,Female,6.211.207.35,1998-09-07
328,Tamarra,Blanche,tblanche93@cdbaby.com,Female,250.130.169.73,1986-06-28
329,Deck,Andrys,dandrys94@japanpost.jp,Male,242.252.51.204,1988-05-16
330,Ellis,Hewertson,ehewertson95@over-blog.com,Male,251.21.89.19,2015-06-27
331,Clevie,Oakenfield,coakenfield96@over-blog.com,Male,204.75.145.179,2011-02-11
332,Helen-elizabeth,Dash,hdash97@engadget.com,Female,111.207.156.188,2014-02-22
333,Lorene,Jeschner,ljeschner98@4shared.com,Female,80.221.179.162,2016-08-31
334,Nikita,Tinklin,ntinklin99@bluehost.com,Male,67.56.203.16,1972-01-19
335,Rois,Ithell,rithell9a@springer.com,Female,27.231.120.46,2013-05-20
336,Kelsey,Boeter,kboeter9b@pbs.org,Male,74.98.197.176,1999-07-09
337,Boycey,Paulisch,bpaulisch9c@blinklist.com,Male,173.205.118.131,2003-09-20
338,Bella,Yitzhakov,byitzhakov9d@usa.gov,Female,155.38.133.217,2005-03-07
339,Bambi,Buntin,bbuntin9e@tinypic.com,Female,215.238.24.236,1987-03-04
340,Donnie,Clouston,dclouston9f@ucla.edu,Male,237.118.184.54,2014-07-13
341,Barbabra,Zisneros,bzisneros9g@amazonaws.com,Female,239.172.54.0,1971-11-15
342,Pippy,Massard,pmassard9h@wsj.com,Female,38.25.229.97,1996-12-03
343,Germain,Pietruszka,gpietruszka9i@technorati.com,Female,94.166.28.253,2007-12-15
344,Glynn,Cuxson,gcuxson9j@nba.com,Male,31.33.108.163,1981-09-07
345,Tito,Rittmeier,trittmeier9k@behance.net,Male,108.80.101.239,2006-06-13
346,Karel,Iveans,kiveans9l@biblegateway.com,Female,87.59.224.94,1978-05-23
347,Arron,Siemantel,asiemantel9m@wikispaces.com,Male,149.29.189.175,2013-01-17
348,Gerald,MacCosty,gmaccosty9n@hud.gov,Male,137.210.152.214,2000-08-25
349,Patten,Brookson,pbrookson9o@wikispaces.com,Male,40.20.65.97,1984-06-26
350,Fania,Borne,fborne9p@posterous.com,Female,210.232.175.240,2002-11-12
351,Peterus,Hayman,phayman9q@cbslocal.com,Male,213.74.170.211,1975-11-28
352,Johann,Agar,jagar9r@telegraph.co.uk,Male,131.114.33.132,1982-10-07
353,Hans,Stilliard,hstilliard9s@trellian.com,Male,52.115.113.95,1999-07-31
354,Mabel,Moseley,mmoseley9t@icq.com,Female,57.107.90.40,1996-10-19
355,Kathlin,Quenby,kquenby9u@sfgate.com,Female,194.62.208.205,2015-07-30
356,Pietro,Graeber,pgraeber9v@tmall.com,Male,66.59.6.151,2004-04-07
357,Luelle,Hayman,lhayman9w@friendfeed.com,Female,228.93.20.102,2013-08-29
358,Bendite,Laver,blaver9x@usnews.com,Female,237.167.221.253,1974-07-26
359,Pauly,Waples,pwaples9y@umn.edu,Female,179.35.140.152,2002-10-25
360,Gwendolyn,Quainton,gquainton9z@census.gov,Female,72.201.196.239,1997-08-26
361,Ara,Fligg,afligga0@blinklist.com,Male,197.199.212.181,1998-02-22
362,Judon,Giovanni,jgiovannia1@arizona.edu,Male,211.231.236.72,1975-07-14
363,Del,Gilbart,dgilbarta2@harvard.edu,Male,52.111.188.13,2015-10-20
364,Janie,Outridge,joutridgea3@slideshare.net,Female,182.143.107.240,2015-01-04
365,Deb,Butterley,dbutterleya4@ustream.tv,Female,175.30.34.147,2006-06-07
366,Gratia,Dimitrie,gdimitriea5@pbs.org,Female,68.138.53.100,2015-06-15
367,Ripley,Grosvenor,rgrosvenora6@blog.com,Male,175.170.146.83,2006-01-04
368,Mendy,Deny,mdenya7@163.com,Male,172.48.231.38,1975-11-04
369,Robby,Copelli,rcopellia8@devhub.com,Male,200.48.202.234,1991-04-01
370,Caleb,Van Geffen,cvangeffena9@so-net.ne.jp,Male,197.40.142.99,1980-06-01
371,Fremont,Scowcraft,fscowcraftaa@bandcamp.com,Male,36.51.27.15,1989-01-28
372,Dorrie,McPhilemy,dmcphilemyab@etsy.com,Female,95.182.230.235,1999-01-07
373,Ninnetta,Longrigg,nlongriggac@uiuc.edu,Female,83.42.130.69,2000-10-08
374,Karoly,Uc,kucad@gravatar.com,Female,248.138.9.222,2001-05-08
375,Angelika,Duligal,aduligalae@about.me,Female,175.153.147.119,2012-11-19
376,Corina,Kays,ckaysaf@businessweek.com,Female,20.120.61.173,2016-09-15
377,Wynnie,Polleye,wpolleyeag@wikipedia.org,Female,174.226.29.10,1997-03-07
378,Elia,Trenaman,etrenamanah@t.co,Male,253.45.3.100,2009-04-02
379,Norry,De Cristoforo,ndecristoforoai@de.vu,Male,75.151.72.225,2017-10-07
380,Cosetta,Smead,csmeadaj@wisc.edu,Female,158.62.80.141,1989-03-18
381,Mil,McMurraya,mmcmurrayaak@hc360.com,Female,110.141.249.26,1985-03-02
382,Deana,Huttley,dhuttleyal@quantcast.com,Female,29.157.102.231,1985-07-15
383,Douglas,Lidden,dliddenam@w3.org,Male,54.11.48.147,2014-12-16
384,Rene,Scalera,rscaleraan@usatoday.com,Male,4.212.64.60,1992-12-03
385,Debora,Walbrun,dwalbrunao@epa.gov,Female,83.137.179.28,1989-09-14
386,Arliene,Lorking,alorkingap@newsvine.com,Female,129.160.69.186,2015-04-07
387,Mickie,Almeida,malmeidaaq@stumbleupon.com,Male,195.125.2.127,1972-03-16
388,Bee,Dungey,bdungeyar@squidoo.com,Female,49.31.240.234,1975-12-14
389,Yetta,Mackin,ymackinas@huffingtonpost.com,Female,213.157.160.246,2013-04-10
390,Mac,Durnall,mdurnallat@tmall.com,Male,94.100.45.132,1998-10-29
391,Sybila,Mehmet,smehmetau@google.fr,Female,71.190.15.115,1985-09-17
392,Mona,Atlay,matlayav@posterous.com,Female,84.44.145.166,1999-01-13
393,Jamaal,Kidby,jkidbyaw@quantcast.com,Male,45.77.50.48,1975-02-14
394,Lucy,Mayoh,lmayohax@forbes.com,Female,42.162.112.56,1988-08-23
395,Eadith,Hanshaw,ehanshaway@de.vu,Female,73.245.167.243,1985-01-07
396,Dewain,Murrish,dmurrishaz@forbes.com,Male,190.50.241.83,1975-09-27
397,Birk,Leamon,bleamonb0@hp.com,Male,145.143.200.119,1971-07-31
398,Vick,Trevallion,vtrevallionb1@tmall.com,Male,185.222.253.198,2005-04-25
399,Melvyn,Kielty,mkieltyb2@istockphoto.com,Male,56.122.52.192,1976-10-18
400,Ebony,Cancellor,ecancellorb3@yale.edu,Female,130.112.95.189,2013-04-15
401,Dana,Landrick,dlandrickb4@chronoengine.com,Male,243.42.73.250,1984-05-24
402,Lonnie,Floyed,lfloyedb5@mac.com,Female,242.30.185.79,1985-03-01
403,Bern,Honack,bhonackb6@loc.gov,Male,131.137.225.212,1977-07-23
404,Brittan,Mullaly,bmullalyb7@wordpress.com,Female,236.212.13.153,1980-04-22
405,Mireielle,Lambird,mlambirdb8@123-reg.co.uk,Female,167.251.166.132,2014-06-26
406,Guss,Shoulders,gshouldersb9@boston.com,Male,74.210.194.11,1984-12-23
407,Ellerey,Steagall,esteagallba@ucoz.com,Male,239.128.188.26,1988-08-29
408,Ursulina,Rabson,urabsonbb@fema.gov,Female,139.132.220.93,1987-02-14
409,Blisse,O'Dunniom,bodunniombc@about.com,Female,69.250.29.73,1977-07-27
410,Carlie,Licciardiello,clicciardiellobd@imageshack.us,Male,9.92.59.115,1994-11-05
411,Guillermo,Kidwell,gkidwellbe@t.co,Male,59.15.146.240,2006-07-06
412,Jeanine,Hall,jhallbf@xrea.com,Female,192.201.124.239,1988-01-19
413,Monah,Lurriman,mlurrimanbg@nps.gov,Female,119.70.200.150,1990-03-21
414,Sandor,Tortis,stortisbh@themeforest.net,Male,245.100.116.166,2007-11-06
415,Davon,Beacock,dbeacockbi@telegraph.co.uk,Male,176.142.29.19,1995-04-08
416,Paige,Warner,pwarnerbj@list-manage.com,Female,149.163.169.171,1998-04-12
417,Angelika,Finden,afindenbk@cisco.com,Female,84.106.182.152,2009-07-17
418,Evaleen,Cammell,ecammellbl@cafepress.com,Female,44.228.245.74,1990-12-18
419,Germana,Oldridge,goldridgebm@github.com,Female,157.242.189.250,1974-04-04
420,Kelbee,Titcomb,ktitcombbn@yahoo.co.jp,Male,255.197.207.79,2007-07-02
421,Sarge,Stopher,sstopherbo@usnews.com,Male,126.1.138.141,1973-10-24
422,Baxter,Kingerby,bkingerbybp@indiegogo.com,Male,85.186.51.105,1972-11-21
423,Caleb,Trundler,ctrundlerbq@psu.edu,Male,221.99.133.214,2017-05-21
424,Mervin,MacGuiness,mmacguinessbr@hibu.com,Male,42.119.98.73,1982-07-07
425,Wendall,Bullent,wbullentbs@163.com,Male,69.29.214.138,1982-08-17
426,Rosemonde,Moodie,rmoodiebt@sphinn.com,Female,23.20.174.155,2006-05-29
427,Tessie,Village,tvillagebu@github.com,Female,144.164.191.19,1988-12-14
428,Woodrow,Rosbrough,wrosbroughbv@google.com.hk,Male,166.76.251.245,2016-04-06
429,Rowan,Justis,rjustisbw@lulu.com,Male,72.184.97.146,1997-03-06
430,Vlad,Yearron,vyearronbx@eepurl.com,Male,107.141.109.164,1973-09-10
431,Camella,Clotworthy,cclotworthyby@hubpages.com,Female,114.227.155.179,2014-04-13
432,Alis,Clevely,aclevelybz@elegantthemes.com,Female,139.154.127.86,2008-06-05
433,Renee,Leishman,rleishmanc0@vk.com,Female,140.97.211.203,2009-04-18
434,Dara,Jenno,djennoc1@imageshack.us,Female,111.6.4.20,1977-12-31
435,Marty,MacGahy,mmacgahyc2@comsenz.com,Male,22.90.56.250,1974-10-02
436,Morten,Attride,mattridec3@blogspot.com,Male,81.17.147.69,1994-05-16
437,Car,De Pietri,cdepietric4@taobao.com,Male,154.53.116.205,1974-12-24
438,Bellina,Fossey,bfosseyc5@php.net,Female,28.5.240.188,1978-07-13
439,Stefania,Kaveney,skaveneyc6@cyberchimps.com,Female,251.61.6.162,1983-06-20
440,Jillie,McMinn,jmcminnc7@google.com.br,Female,206.210.132.95,1974-02-19
441,Caitrin,Moon,cmoonc8@cdbaby.com,Female,153.64.143.124,2008-01-31
442,Aurore,Couth,acouthc9@livejournal.com,Female,197.31.150.156,2016-09-26
443,Andre,Mora,amoraca@nih.gov,Male,213.193.190.111,2004-03-19
444,Leelah,Magnay,lmagnaycb@webs.com,Female,128.100.62.180,1995-01-09
445,Clementius,Nickels,cnickelscc@jimdo.com,Male,127.71.106.142,1994-11-08
446,Shannon,Bursell,sbursellcd@yandex.ru,Male,236.41.205.217,2010-10-14
447,Kim,Downgate,kdowngatece@dropbox.com,Male,173.138.17.163,1972-10-26
448,Cathrine,Keywood,ckeywoodcf@stanford.edu,Female,192.101.109.88,2015-01-10
449,Kort,Shingfield,kshingfieldcg@huffingtonpost.com,Male,49.229.195.170,1974-12-10
450,Helene,Peert,hpeertch@google.co.jp,Female,4.109.197.157,2011-07-20
451,Rees,Diment,rdimentci@whitehouse.gov,Male,155.58.108.11,2015-03-03
452,Gisella,Southey,gsoutheycj@instagram.com,Female,36.163.193.92,2013-02-14
453,Benjamen,Gowrie,bgowrieck@google.de,Male,204.164.131.239,2002-08-14
454,Demetre,Cattach,dcattachcl@nsw.gov.au,Male,176.125.30.37,1978-09-01
455,Cara,Endicott,cendicottcm@patch.com,Female,240.33.109.66,2006-02-23
456,Theressa,Sandercock,tsandercockcn@guardian.co.uk,Female,66.157.172.40,2015-01-20
457,Reider,McCaig,rmccaigco@buzzfeed.com,Male,101.98.141.85,1990-09-22
458,Dag,Issitt,dissittcp@wiley.com,Male,5.59.251.236,2006-10-14
459,Arthur,Vigar,avigarcq@biblegateway.com,Male,169.47.0.44,2010-01-23
460,Erwin,Tytler,etytlercr@cmu.edu,Male,139.108.234.37,1987-01-11
461,Cherie,Drinnan,cdrinnancs@marriott.com,Female,110.72.200.112,2006-12-14
462,Carolyne,Cragell,ccragellct@sfgate.com,Female,161.2.136.71,1982-02-22
463,Courtnay,Keeton,ckeetoncu@princeton.edu,Female,126.232.27.142,1994-10-18
464,Inez,Faire,ifairecv@list-manage.com,Female,232.147.110.153,1996-12-06
465,Rickey,Doodney,rdoodneycw@booking.com,Male,122.178.154.19,1989-12-13
466,Garvy,Balaam,gbalaamcx@blogger.com,Male,97.194.86.137,1971-10-17
467,Cyril,Creasey,ccreaseycy@plala.or.jp,Male,252.79.101.85,1980-03-24
468,Georgeta,Scarsbrick,gscarsbrickcz@hibu.com,Female,135.222.118.74,1997-01-02
469,Casi,Po,cpod0@mayoclinic.com,Female,192.163.202.255,2012-03-22
470,Lorry,Haggerstone,lhaggerstoned1@t.co,Female,96.11.141.43,1973-08-05
471,Venus,Fishbourne,vfishbourned2@nymag.com,Female,251.251.180.121,2015-05-06
472,Bibi,Michelet,bmicheletd3@fema.gov,Female,186.158.150.175,2018-01-09
473,Rouvin,Wealleans,rwealleansd4@fc2.com,Male,110.107.8.31,1992-08-14
474,Josie,Hubbold,jhubboldd5@biblegateway.com,Female,43.108.132.15,1994-04-29
475,Gipsy,Lodwig,glodwigd6@booking.com,Female,243.219.27.167,1980-10-25
476,Markus,Burke,mburked7@gizmodo.com,Male,68.169.158.226,2017-05-07
477,Devina,Tremollet,dtremolletd8@usatoday.com,Female,123.113.96.211,2001-08-17
478,Briny,McKerley,bmckerleyd9@omniture.com,Female,28.131.120.48,2000-08-13
479,Kalil,Asman,kasmanda@slideshare.net,Male,59.126.217.24,1974-07-28
480,Sapphire,Whitsey,swhitseydb@liveinternet.ru,Female,199.54.45.178,1983-05-24
481,Alana,Lemery,alemerydc@census.gov,Female,48.189.74.136,1972-04-12
482,Christiano,Newcomb,cnewcombdd@google.fr,Male,173.255.46.39,1993-11-03
483,Bunni,Bilborough,bbilboroughde@elegantthemes.com,Female,149.153.212.228,1991-08-14
484,Laraine,Jecks,ljecksdf@dedecms.com,Female,231.100.188.31,2004-12-06
485,Elvira,Bussel,ebusseldg@domainmarket.com,Female,247.146.97.227,1993-03-31
486,Quinton,Ducaen,qducaendh@behance.net,Male,198.113.238.18,1994-03-08
487,Susanne,Caffin,scaffindi@un.org,Female,188.70.142.38,2006-11-07
488,Patty,Rodell,prodelldj@nifty.com,Male,94.85.245.129,2004-09-14
489,Cale,Yedall,cyedalldk@blogs.com,Male,191.68.107.221,1997-10-23
490,Debera,Alsopp,dalsoppdl@vimeo.com,Female,167.19.187.152,2002-05-05
491,Timmi,Towndrow,ttowndrowdm@rakuten.co.jp,Female,7.103.247.152,1993-08-04
492,Dorena,de Zamora,ddezamoradn@cnbc.com,Female,239.42.135.132,2000-06-30
493,Cesaro,Mapledorum,cmapledorumdo@bandcamp.com,Male,237.69.160.109,2016-09-12
494,Margit,Mulliss,mmullissdp@netscape.com,Female,0.252.124.219,2009-06-10
495,Sebastian,Bryant,sbryantdq@harvard.edu,Male,88.170.237.166,2007-02-14
496,Eugen,Spens,espensdr@google.pl,Male,161.71.86.92,1978-10-01
497,Fran,Gounet,fgounetds@g.co,Male,251.201.250.63,1991-12-01
498,Bathsheba,Cuddy,bcuddydt@phoca.cz,Female,55.186.106.188,2009-02-24
499,Shepperd,Casewell,scasewelldu@yellowpages.com,Male,29.145.202.18,2000-04-21
500,Samara,Hassur,shassurdv@eventbrite.com,Female,211.148.16.104,1977-02-20
501,Toma,Wilprecht,twilprechtdw@amazon.co.uk,Female,244.56.222.208,1990-08-19
502,Nicki,McTrustram,nmctrustramdx@alexa.com,Female,98.115.218.252,2007-12-02
503,Emmy,Cumpton,ecumptondy@oracle.com,Female,110.119.189.115,1980-04-16
504,Ignacius,Cheale,ichealedz@surveymonkey.com,Male,85.89.146.215,2005-05-21
505,Ranice,Burges,rburgese0@squidoo.com,Female,202.67.85.43,2009-02-23
506,Fair,Candlin,fcandline1@wsj.com,Male,247.82.35.169,1985-03-16
507,Catherine,Muckian,cmuckiane2@mapy.cz,Female,221.59.26.215,1995-04-02
508,Barny,Bewsy,bbewsye3@google.ru,Male,41.106.9.238,2014-08-26
509,Bobine,Senescall,bsenescalle4@addthis.com,Female,55.52.80.159,2014-10-24
510,Tonnie,Dayly,tdaylye5@printfriendly.com,Male,192.45.69.247,2008-08-26
511,Celestina,Gregolin,cgregoline6@opera.com,Female,27.238.8.24,1995-10-16
512,Lucho,Le Count,llecounte7@mail.ru,Male,6.54.127.55,2010-08-24
513,Reidar,Bygraves,rbygravese8@squarespace.com,Male,74.4.169.135,2011-04-10
514,Peggie,Safe,psafee9@stumbleupon.com,Female,106.26.196.24,1975-03-09
515,Sebastien,Reast,sreastea@stanford.edu,Male,253.177.64.84,1984-12-07
516,Justin,Hise,jhiseeb@live.com,Male,172.98.223.185,1984-12-06
517,Boris,Ragat,bragatec@feedburner.com,Male,194.55.222.30,2011-02-24
518,Gilbertine,Patmore,gpatmoreed@aol.com,Female,23.252.126.47,2007-02-01
519,Marillin,Boumphrey,mboumphreyee@desdev.cn,Female,67.232.76.102,2000-02-15
520,Arne,Kencott,akencottef@un.org,Male,245.84.62.174,2013-12-25
521,Dasha,Kyffin,dkyffineg@comcast.net,Female,203.192.236.185,1972-02-02
522,Holly,Parade,hparadeeh@facebook.com,Female,15.246.222.161,1977-07-23
523,Oralia,Whye,owhyeei@yellowbook.com,Female,236.163.65.193,1979-07-11
524,Elsworth,Dasent,edasentej@hatena.ne.jp,Male,211.228.90.242,1978-04-11
525,Chadwick,Carrick,ccarrickek@mit.edu,Male,87.19.70.67,1995-10-01
526,Irving,Tittletross,itittletrossel@bizjournals.com,Male,91.81.73.194,1973-06-23
527,Rosalie,Burren,rburrenem@xinhuanet.com,Female,123.208.192.12,2006-01-15
528,Filberte,Merryman,fmerrymanen@zimbio.com,Male,102.39.71.115,1975-12-28
529,Prent,Gibbett,pgibbetteo@photobucket.com,Male,67.47.102.208,1976-11-20
530,Dewain,Ledster,dledsterep@gizmodo.com,Male,19.78.26.14,2013-05-10
531,Webb,De Morena,wdemorenaeq@tamu.edu,Male,24.71.114.25,1978-01-29
532,Stephanus,Ballston,sballstoner@is.gd,Male,42.255.195.97,2016-03-17
533,Thelma,Marchiso,tmarchisoes@imgur.com,Female,120.157.227.155,2006-04-23
534,Yorker,Defries,ydefrieset@wikipedia.org,Male,231.45.2.66,1988-12-26
535,Dewie,Casham,dcashameu@shinystat.com,Male,52.180.3.126,1985-01-26
536,Lianna,Lidbetter,llidbetterev@dailymail.co.uk,Female,86.121.56.192,1980-05-10
537,Wait,Trusse,wtrusseew@delicious.com,Male,226.198.248.207,2002-11-15
538,Hayyim,Davidovics,hdavidovicsex@omniture.com,Male,35.59.181.223,1997-03-25
539,Shannah,Gandley,sgandleyey@senate.gov,Female,249.134.118.21,1991-04-27
540,Boone,Manchester,bmanchesterez@phpbb.com,Male,9.225.154.65,2009-05-25
541,Sergeant,Ayree,sayreef0@51.la,Male,79.236.17.183,1996-04-11
542,Cameron,Isaksson,cisakssonf1@msu.edu,Male,173.246.220.140,2007-05-04
543,Yetta,Porte,yportef2@sakura.ne.jp,Female,195.248.114.7,2015-06-11
544,Lori,Heskins,lheskinsf3@usnews.com,Female,50.5.36.37,2011-02-26
545,Merle,Almak,malmakf4@baidu.com,Male,46.220.20.51,1976-11-23
546,Sharlene,Dumbarton,sdumbartonf5@whitehouse.gov,Female,206.156.198.13,2011-09-06
547,Lily,Gayther,lgaytherf6@opera.com,Female,128.2.181.105,2009-12-01
548,Nomi,Greenhowe,ngreenhowef7@google.co.uk,Female,111.26.200.228,1986-02-02
549,Becca,Hillyatt,bhillyattf8@blog.com,Female,244.146.122.53,2012-12-24
550,Aldwin,Cossey,acosseyf9@ucoz.com,Male,105.250.147.232,2007-12-29
551,Aldrich,Altimas,aaltimasfa@theatlantic.com,Male,207.222.123.118,2002-10-11
552,Sully,Spurden,sspurdenfb@parallels.com,Male,241.98.111.69,2008-11-25
553,Melina,Rydeard,mrydeardfc@friendfeed.com,Female,149.125.100.217,1974-05-25
554,Adoree,Critch,acritchfd@yellowbook.com,Female,56.60.119.88,2004-06-22
555,Ricki,Slarke,rslarkefe@imdb.com,Male,56.253.53.239,2001-10-08
556,Chloette,Batalini,cbataliniff@myspace.com,Female,144.48.61.172,1981-07-13
557,Tisha,Kensington,tkensingtonfg@wikipedia.org,Female,205.32.120.216,1982-01-28
558,Dee,Twatt,dtwattfh@vk.com,Female,95.83.63.213,1994-07-27
559,Ame,Griffithe,agriffithefi@about.com,Female,247.222.58.176,2003-10-21
560,Giorgia,Graffham,ggraffhamfj@addthis.com,Female,213.181.94.193,1977-11-19
561,Leighton,Broske,lbroskefk@vk.com,Male,63.12.131.193,2008-12-23
562,Guthrey,Duddell,gduddellfl@alexa.com,Male,244.103.229.67,1988-02-10
563,Angelia,Keitley,akeitleyfm@yahoo.co.jp,Female,0.221.189.58,1994-01-22
564,Mathew,Darkott,mdarkottfn@census.gov,Male,244.172.224.4,1971-06-21
565,Chloe,Stedall,cstedallfo@yahoo.co.jp,Female,28.149.206.95,2005-01-02
566,Karol,Albon,kalbonfp@bigcartel.com,Female,40.72.248.19,1992-08-22
567,Audrie,Hartburn,ahartburnfq@people.com.cn,Female,199.192.188.240,1972-10-18
568,Gwyneth,Smale,gsmalefr@apache.org,Female,77.71.73.169,2006-10-08
569,Tally,MacAndie,tmacandiefs@jigsy.com,Female,73.127.172.186,1997-09-28
570,Ewell,Manssuer,emanssuerft@spotify.com,Male,189.114.48.89,1987-11-10
571,Niccolo,Leather,nleatherfu@shop-pro.jp,Male,170.104.193.100,1982-04-20
572,Andras,Delete,adeletefv@nature.com,Male,246.253.219.119,2005-07-17
573,Rosaline,Adicot,radicotfw@taobao.com,Female,127.191.69.140,1987-02-07
574,Fiorenze,Mattielli,fmattiellifx@clickbank.net,Female,175.104.102.181,1984-02-21
575,Nicol,Pilbury,npilburyfy@etsy.com,Male,20.8.166.131,1989-01-20
576,Stacia,Driuzzi,sdriuzzifz@live.com,Female,219.58.218.172,2011-06-06
577,Vivianne,Gonoude,vgonoudeg0@wiley.com,Female,190.136.210.215,1992-09-25
578,Elayne,Kremer,ekremerg1@blogspot.com,Female,55.175.59.37,2013-03-15
579,Collie,Brundill,cbrundillg2@deviantart.com,Female,209.6.70.61,1988-04-01
580,Ag,Alejandre,aalejandreg3@ucla.edu,Female,142.43.13.113,1992-08-11
581,Rozelle,Basek,rbasekg4@tripadvisor.com,Female,87.20.131.199,2015-11-16
582,Myra,Bythell,mbythellg5@gmpg.org,Female,192.193.58.50,1991-10-03
583,Karalee,Breukelman,kbreukelmang6@china.com.cn,Female,144.55.219.23,2008-06-30
584,Noe,Doumerque,ndoumerqueg7@fda.gov,Male,93.231.30.12,1980-04-16
585,Grantley,Haines,ghainesg8@myspace.com,Male,41.67.211.27,2008-02-02
586,Gene,Borg,gborgg9@phpbb.com,Male,173.154.162.213,1975-03-21
587,Cull,Scorer,cscorerga@posterous.com,Male,215.82.131.66,1996-12-28
588,Harp,Hanny,hhannygb@cocolog-nifty.com,Male,181.114.15.39,2002-09-21
589,Marie-jeanne,Martinello,mmartinellogc@technorati.com,Female,200.51.251.232,2017-04-07
590,Eunice,Westoff,ewestoffgd@cnbc.com,Female,56.71.166.182,2005-11-22
591,Phillip,Talbot,ptalbotge@trellian.com,Male,147.44.192.145,1987-11-19
592,Sanson,Reede,sreedegf@w3.org,Male,20.102.78.65,1997-07-07
593,Carlene,Rignoldes,crignoldesgg@360.cn,Female,46.20.47.149,1997-11-02
594,Trula,MacNeice,tmacneicegh@eepurl.com,Female,206.64.124.129,1993-09-26
595,Aldis,Krystof,akrystofgi@meetup.com,Male,157.116.178.199,1994-10-05
596,Ronnie,Goodall,rgoodallgj@istockphoto.com,Male,32.252.92.172,1986-06-25
597,Maurizia,Furminger,mfurmingergk@army.mil,Female,241.68.115.204,2004-04-22
598,Callean,Jenson,cjensongl@ehow.com,Male,80.115.66.158,1997-11-12
599,Sorcha,Stamps,sstampsgm@cyberchimps.com,Female,41.236.159.145,1983-09-01
600,Dud,Sympson,dsympsongn@shareasale.com,Male,220.238.246.239,1991-12-13
601,Fairleigh,Petrelli,fpetrelligo@noaa.gov,Male,208.59.184.253,1995-01-27
602,Terrijo,Manuele,tmanuelegp@rambler.ru,Female,254.124.167.115,1995-07-03
603,Marya,Ceeley,mceeleygq@un.org,Female,191.146.234.117,1976-01-01
604,Waiter,McPhelim,wmcphelimgr@youtu.be,Male,183.78.85.11,1972-01-15
605,Darwin,Barnhill,dbarnhillgs@omniture.com,Male,138.25.181.0,2000-05-24
606,Doe,Kordes,dkordesgt@yale.edu,Female,93.244.189.89,2008-04-12
607,Phyllis,Bedminster,pbedminstergu@wunderground.com,Female,13.173.39.95,1975-06-21
608,Zebadiah,Lindl,zlindlgv@tripod.com,Male,159.246.153.71,1978-03-08
609,Brodie,Ogg,bogggw@hibu.com,Male,182.80.69.225,1987-10-18
610,Celeste,Hurley,churleygx@prweb.com,Female,164.111.60.78,1981-08-14
611,Elvin,Gorrie,egorriegy@webnode.com,Male,110.243.179.246,1991-12-25
612,Douglass,Radeliffe,dradeliffegz@goodreads.com,Male,100.169.239.129,1975-03-05
613,Jannel,Buglar,jbuglarh0@ucsd.edu,Female,162.202.156.181,1983-09-04
614,Joanna,McCrossan,jmccrossanh1@ameblo.jp,Female,147.65.232.159,2005-03-11
615,Candida,Davie,cdavieh2@marriott.com,Female,74.55.60.244,2008-08-09
616,Afton,Harpin,aharpinh3@nyu.edu,Female,162.247.151.43,2003-12-08
617,Camile,Burroughes,cburroughesh4@ifeng.com,Female,119.224.1.36,1973-06-15
618,Brendan,Cheesman,bcheesmanh5@un.org,Male,14.235.68.126,1973-07-18
619,Sibilla,Blow,sblowh6@tamu.edu,Female,53.38.109.134,2001-06-21
620,Hogan,Arnoud,harnoudh7@nytimes.com,Male,25.27.120.25,1973-06-10
621,Sonya,Goalley,sgoalleyh8@symantec.com,Female,35.177.174.212,2013-07-22
622,Lea,Connerly,lconnerlyh9@imgur.com,Female,187.61.38.94,1987-04-27
623,Tamra,Gaywood,tgaywoodha@rediff.com,Female,102.102.215.179,1979-01-20
624,Hobey,Swateridge,hswateridgehb@umich.edu,Male,179.170.229.108,1984-03-18
625,Mayne,Ellaway,mellawayhc@msn.com,Male,210.35.26.209,2011-12-05
626,Arabele,Lisciandro,alisciandrohd@goo.gl,Female,121.100.25.86,1989-01-22
627,Carleton,Skace,cskacehe@google.ca,Male,207.198.10.121,1973-11-03
628,Reta,Bliven,rblivenhf@umich.edu,Female,215.225.83.126,1986-05-27
629,Victoir,Snow,vsnowhg@wordpress.org,Male,203.139.150.145,1981-03-06
630,Auberon,Paybody,apaybodyhh@ebay.co.uk,Male,129.59.195.30,2009-05-22
631,Foster,Peat,fpeathi@globo.com,Male,103.250.155.4,2001-05-13
632,Lise,Joontjes,ljoontjeshj@virginia.edu,Female,171.118.170.1,2006-01-14
633,Brandais,Kersaw,bkersawhk@marketwatch.com,Female,165.106.231.248,2008-05-09
634,Atalanta,Scotti,ascottihl@google.it,Female,31.85.145.190,1970-06-05
635,Orville,Diplock,odiplockhm@toplist.cz,Male,149.171.142.254,1987-08-28
636,Aldridge,Triggel,atriggelhn@newsvine.com,Male,220.105.10.97,1981-07-15
637,Guillermo,Lakes,glakesho@alibaba.com,Male,239.161.243.218,1990-04-20
638,Celestyn,Blue,cbluehp@purevolume.com,Female,184.191.90.21,2001-03-02
639,Izzy,Hassekl,ihasseklhq@dedecms.com,Male,64.112.146.160,1985-01-26
640,Wilona,Basso,wbassohr@ca.gov,Female,39.172.15.199,1980-04-17
641,Lexi,Pinhorn,lpinhornhs@etsy.com,Female,217.120.158.32,2016-06-09
642,Nealon,Hamerton,nhamertonht@buzzfeed.com,Male,20.84.95.70,1989-02-02
643,Lucian,Longdon,llongdonhu@dailymotion.com,Male,152.201.183.198,2013-11-06
644,Stacee,Grimsdyke,sgrimsdykehv@wufoo.com,Female,130.71.18.241,1999-05-13
645,Baxy,Angelo,bangelohw@vinaora.com,Male,241.63.87.91,1987-08-14
646,Jess,Tesdale,jtesdalehx@csmonitor.com,Male,239.225.134.249,2007-08-31
647,Hubie,Varnals,hvarnalshy@timesonline.co.uk,Male,154.91.32.61,2006-07-28
648,Jessie,Garshore,jgarshorehz@netlog.com,Female,44.96.187.22,2014-05-19
649,Sheilakathryn,Plan,splani0@merriam-webster.com,Female,6.83.111.126,1971-05-26
650,Richmond,Maudson,rmaudsoni1@g.co,Male,247.82.69.185,1984-06-03
651,Traci,Ramsdale,tramsdalei2@hud.gov,Female,50.145.4.75,1989-02-26
652,Juan,Willoughley,jwilloughleyi3@foxnews.com,Male,116.173.64.168,1989-04-02
653,Chrysa,Kiddey,ckiddeyi4@odnoklassniki.ru,Female,233.28.138.160,1988-01-07
654,Moyra,Astbury,mastburyi5@alexa.com,Female,175.253.48.37,1989-04-10
655,Justinn,Fuxman,jfuxmani6@php.net,Female,251.233.183.142,1992-09-05
656,Derril,Infantino,dinfantinoi7@house.gov,Male,189.145.210.255,2015-10-30
657,Sherwynd,Debney,sdebneyi8@reuters.com,Male,102.20.50.107,1975-06-17
658,Bradney,Cadle,bcadlei9@bigcartel.com,Male,251.250.103.110,1971-07-16
659,Ignaz,Jorin,ijorinia@drupal.org,Male,172.213.162.204,1970-05-02
660,Joy,Ramshay,jramshayib@exblog.jp,Female,139.93.212.159,1987-12-05
661,Clem,Bustard,cbustardic@google.com,Male,147.208.175.53,1989-12-13
662,Tomasina,Aleksandrev,taleksandrevid@list-manage.com,Female,167.49.120.151,2012-11-27
663,Antoinette,Henrichs,ahenrichsie@sohu.com,Female,249.52.14.223,1995-10-29
664,Dud,Yantsurev,dyantsurevif@arstechnica.com,Male,135.208.194.87,2016-07-03
665,Berton,MacArthur,bmacarthurig@barnesandnoble.com,Male,9.46.175.143,1987-05-09
666,Myrah,Cosbey,mcosbeyih@pcworld.com,Female,237.42.165.126,1985-12-22
667,Nanni,Castle,ncastleii@shop-pro.jp,Female,78.52.32.146,1982-08-24
668,Rafaelita,Lau,rlauij@dyndns.org,Female,176.254.63.24,1971-02-24
669,Stanleigh,Odney,sodneyik@usgs.gov,Male,202.133.49.5,2008-08-07
670,Sancho,Opfer,sopferil@google.it,Male,0.227.181.186,1977-02-21
671,Bea,Tanton,btantonim@jalbum.net,Female,5.87.210.70,2007-11-06
672,Brandais,MacVanamy,bmacvanamyin@linkedin.com,Female,12.235.86.52,1991-03-25
673,Ange,Soaper,asoaperio@upenn.edu,Male,202.15.115.65,2012-03-21
674,Elysee,Hessel,ehesselip@uiuc.edu,Female,179.151.117.227,2004-07-07
675,Pauly,Spenley,pspenleyiq@histats.com,Female,15.248.11.165,1995-01-14
676,Vernon,Braxton,vbraxtonir@wikipedia.org,Male,150.221.59.153,1989-10-04
677,Bettye,Stivey,bstiveyis@squidoo.com,Female,30.133.200.161,1973-10-21
678,Almeria,Douthwaite,adouthwaiteit@blog.com,Female,237.97.136.137,1984-09-22
679,Audi,Abramovic,aabramoviciu@dion.ne.jp,Female,6.102.57.237,2001-09-16
680,Mathe,Cotterell,mcotterelliv@craigslist.org,Male,68.29.177.155,1998-09-27
681,Jeri,Lunge,jlungeiw@wikia.com,Female,82.126.68.126,2003-04-04
682,Marchall,Francescozzi,mfrancescozziix@parallels.com,Male,114.12.45.255,1990-12-26
683,Howie,Ciciotti,hciciottiiy@ameblo.jp,Male,182.123.90.176,2014-09-21
684,Nichole,Drake,ndrakeiz@vistaprint.com,Male,230.97.132.91,2002-11-26
685,Webb,Hambribe,whambribej0@istockphoto.com,Male,65.43.246.96,2004-07-16
686,Claire,Goodlatt,cgoodlattj1@dmoz.org,Female,139.174.29.252,1972-11-24
687,Callida,Paule,cpaulej2@4shared.com,Female,11.11.95.186,1999-02-16
688,Finn,Marciskewski,fmarciskewskij3@google.ru,Male,218.10.231.161,2003-03-17
689,Cory,Pinfold,cpinfoldj4@fda.gov,Male,224.246.90.230,1982-11-30
690,Wilona,McCay,wmccayj5@multiply.com,Female,232.125.196.212,1990-06-01
691,Laura,Gillon,lgillonj6@icio.us,Female,151.233.162.103,1992-09-25
692,Dag,Flatley,dflatleyj7@g.co,Male,250.196.123.42,1980-06-07
693,Giacopo,Parsell,gparsellj8@wikispaces.com,Male,31.155.111.128,2004-05-05
694,Elsinore,Jeggo,ejeggoj9@wp.com,Female,185.200.20.107,2009-08-28
695,Hillel,Croker,hcrokerja@phoca.cz,Male,233.153.227.191,2009-05-23
696,Roy,Quinane,rquinanejb@statcounter.com,Male,209.166.92.128,2017-11-23
697,Corena,Brauns,cbraunsjc@salon.com,Female,137.111.245.159,1977-08-13
698,Demetria,Kemish,dkemishjd@rediff.com,Female,174.16.47.126,1974-08-18
699,Bartholemy,Quinlan,bquinlanje@vistaprint.com,Male,221.243.31.129,1970-10-26
700,Burch,Varley,bvarleyjf@bing.com,Male,16.33.158.169,1986-04-14
701,Alfons,Finn,afinnjg@hao123.com,Male,144.124.53.30,2017-07-20
702,Riley,Yewdale,ryewdalejh@ft.com,Male,222.39.79.175,1989-08-22
703,Maggie,Rotherforth,mrotherforthji@so-net.ne.jp,Female,191.234.126.87,2015-10-03
704,Dwayne,Blague,dblaguejj@shinystat.com,Male,127.178.118.213,1995-06-01
705,Archy,Stihl,astihljk@loc.gov,Male,149.113.216.196,1979-10-03
706,Felipa,Peatt,fpeattjl@cnet.com,Female,58.46.251.237,2002-09-16
707,Georgine,Greader,ggreaderjm@51.la,Female,170.253.218.81,2002-11-19
708,Dominique,Matelyunas,dmatelyunasjn@biblegateway.com,Male,242.21.23.129,2007-06-08
709,Orson,Weddeburn,oweddeburnjo@whitehouse.gov,Male,233.5.96.71,2012-08-29
710,Wolfy,Rosendale,wrosendalejp@usgs.gov,Male,253.124.254.72,1983-07-22
711,Shaw,MacElroy,smacelroyjq@cafepress.com,Male,171.46.193.14,2008-12-04
712,Zebulen,Bolesma,zbolesmajr@posterous.com,Male,26.42.238.126,1976-06-05
713,Malachi,Pizey,mpizeyjs@youtu.be,Male,199.219.221.174,2016-01-07
714,Victoria,Larcher,vlarcherjt@dropbox.com,Female,80.161.18.180,1985-10-31
715,Cordell,Zorzetti,czorzettiju@springer.com,Male,37.171.249.79,1976-01-09
716,Farrel,Lamplugh,flamplughjv@cam.ac.uk,Male,193.214.157.194,2003-11-04
717,Hy,Ruffell,hruffelljw@barnesandnoble.com,Male,39.162.89.164,1994-11-08
718,Wat,Wilce,wwilcejx@free.fr,Male,39.51.212.69,2004-10-12
719,Stanislas,Woollons,swoollonsjy@si.edu,Male,57.9.141.77,2014-04-22
720,Shelli,Nanninini,snannininijz@arizona.edu,Female,153.127.106.230,1974-07-29
721,Burt,Stanway,bstanwayk0@gizmodo.com,Male,139.144.233.151,1981-10-16
722,Holly,Kruschev,hkruschevk1@tripadvisor.com,Male,131.68.120.176,2005-03-05
723,Itch,Van den Bosch,ivandenboschk2@icq.com,Male,140.160.3.180,2016-04-03
724,Tynan,Greschke,tgreschkek3@wix.com,Male,82.144.250.232,1984-06-21
725,Hobart,Stroder,hstroderk4@youku.com,Male,151.96.239.200,1980-10-13
726,Agosto,Nuttall,anuttallk5@lulu.com,Male,192.164.175.135,2009-01-30
727,Glenda,Barrus,gbarrusk6@instagram.com,Female,115.24.62.39,2014-01-15
728,Dyanne,Buxton,dbuxtonk7@cdc.gov,Female,227.8.226.226,2006-12-23
729,Derrick,Wallsam,dwallsamk8@bravesites.com,Male,232.46.152.31,2015-02-15
730,Carrol,Ruckhard,cruckhardk9@dmoz.org,Male,42.200.229.217,2005-04-26
731,Grantham,Torritti,gtorrittika@uol.com.br,Male,93.12.131.176,1996-10-21
732,Kaitlin,Benda,kbendakb@devhub.com,Female,193.54.233.93,1986-12-04
733,Jamill,Roelofs,jroelofskc@behance.net,Male,31.125.167.120,1987-10-17
734,Hillary,Wilber,hwilberkd@constantcontact.com,Female,61.108.121.177,1991-01-22
735,Devondra,Effaunt,deffauntke@dmoz.org,Female,237.190.17.123,1997-08-13
736,Ebba,Prate,epratekf@chicagotribune.com,Female,181.161.80.60,1994-09-14
737,Elizabeth,Howlings,ehowlingskg@topsy.com,Female,41.234.88.224,1992-03-11
738,Eugine,Veldman,eveldmankh@a8.net,Female,226.201.47.225,1989-01-02
739,Shaylynn,Risborough,srisboroughki@economist.com,Female,14.184.63.124,1996-09-16
740,Cloris,Simmank,csimmankkj@google.cn,Female,174.237.163.183,1970-04-14
741,Muffin,Reside,mresidekk@creativecommons.org,Male,159.17.28.5,1989-06-10
742,Bryanty,Guage,bguagekl@goodreads.com,Male,249.173.159.210,2005-11-12
743,Huntlee,Keene,hkeenekm@simplemachines.org,Male,5.134.62.151,2015-03-21
744,Rowney,Fladgate,rfladgatekn@blog.com,Male,64.117.115.128,2003-04-29
745,Parker,Castellini,pcastelliniko@4shared.com,Male,165.29.36.68,1989-06-14
746,Antonella,Goodband,agoodbandkp@apple.com,Female,245.110.178.130,2011-08-31
747,Valentijn,Stranks,vstrankskq@infoseek.co.jp,Male,121.226.229.19,1981-10-21
748,Netta,Birts,nbirtskr@patch.com,Female,142.207.38.32,1997-07-01
749,Mackenzie,Metcalf,mmetcalfks@stanford.edu,Male,228.113.197.51,2010-03-03
750,Sutherlan,Kagan,skagankt@51.la,Male,21.193.211.122,1980-04-06
751,Scotty,Janicek,sjanicekku@opera.com,Male,92.5.173.93,1978-09-07
752,Tallie,Symington,tsymingtonkv@wsj.com,Male,117.202.161.203,2016-01-10
753,Neale,Abrahams,nabrahamskw@cmu.edu,Male,108.209.180.161,2017-08-25
754,Meagan,Croson,mcrosonkx@uol.com.br,Female,77.120.76.152,2015-08-02
755,Ahmed,Alesbrook,aalesbrookky@uol.com.br,Male,171.232.32.172,1997-04-20
756,Lolita,Janaud,ljanaudkz@time.com,Female,233.48.81.219,2017-11-02
757,Vachel,Ratley,vratleyl0@alibaba.com,Male,244.39.237.73,1977-05-19
758,Jorge,Punter,jpunterl1@qq.com,Male,204.138.21.41,1986-05-05
759,Edgardo,Celiz,ecelizl2@google.ca,Male,186.217.42.90,1983-10-15
760,Silva,Frany,sfranyl3@weather.com,Female,171.155.214.235,1987-08-27
761,Lissie,Hartnup,lhartnupl4@canalblog.com,Female,135.147.117.4,2003-06-24
762,Wheeler,Godly,wgodlyl5@who.int,Male,3.239.153.221,1975-01-22
763,Sherilyn,Follacaro,sfollacarol6@time.com,Female,67.242.223.86,1985-10-25
764,Rayshell,Lyddy,rlyddyl7@livejournal.com,Female,159.225.249.75,1983-03-15
765,Brandais,Bown,bbownl8@paypal.com,Female,16.25.125.222,1999-09-28
766,Laraine,Swinburn,lswinburnl9@slideshare.net,Female,187.253.221.203,1973-07-18
767,Joey,Sparham,jsparhamla@europa.eu,Female,107.215.151.167,1984-01-12
768,Jaimie,Langthorne,jlangthornelb@answers.com,Female,201.180.79.194,1971-10-06
769,Bank,Cowlin,bcowlinlc@issuu.com,Male,44.190.155.22,2005-07-22
770,Colet,Chaloner,cchalonerld@ox.ac.uk,Male,197.217.112.200,1978-11-15
771,Rollins,Barstow,rbarstowle@moonfruit.com,Male,176.127.33.19,1983-03-08
772,Kessiah,Lyons,klyonslf@webeden.co.uk,Female,57.32.97.92,1994-11-30
773,Jefferson,Prinnett,jprinnettlg@elpais.com,Male,166.79.150.119,2005-05-05
774,Cristiano,Eakin,ceakinlh@stanford.edu,Male,212.77.213.54,1999-09-03
775,Cornelia,Haldon,chaldonli@hugedomains.com,Female,78.55.52.138,1984-02-11
776,Sabra,Stalf,sstalflj@salon.com,Female,253.92.121.188,2012-05-12
777,Monika,Giovani,mgiovanilk@newsvine.com,Female,136.73.141.129,1994-07-26
778,Tallie,Pues,tpuesll@ebay.com,Male,173.158.4.196,1970-04-28
779,Devin,Potapczuk,dpotapczuklm@buzzfeed.com,Male,94.226.65.201,2016-11-28
780,Rock,Bownes,rbownesln@aboutads.info,Male,111.101.185.120,2011-08-18
781,Dacey,Lotte,dlottelo@liveinternet.ru,Female,99.105.89.207,2006-03-10
782,Maximilien,Ashby,mashbylp@sbwire.com,Male,241.107.194.56,2008-06-24
783,Ruby,Peter,rpeterlq@deliciousdays.com,Male,22.197.207.48,1991-04-01
784,Haywood,Knowlys,hknowlyslr@ox.ac.uk,Male,143.9.75.178,1996-03-23
785,Peirce,Belfit,pbelfitls@tmall.com,Male,214.26.139.194,1995-10-22
786,Jennilee,Hendrickx,jhendrickxlt@weebly.com,Female,41.88.109.172,2010-01-22
787,Sula,Kolushev,skolushevlu@noaa.gov,Female,234.168.204.235,2015-02-19
788,Odey,Mogie,omogielv@networksolutions.com,Male,26.96.174.76,2014-02-08
789,Dannye,Rickardes,drickardeslw@ox.ac.uk,Female,215.129.81.148,1975-09-14
790,Ursala,Reubbens,ureubbenslx@cloudflare.com,Female,113.82.94.152,2018-04-01
791,Yorker,Clapston,yclapstonly@harvard.edu,Male,17.174.150.84,1975-03-28
792,Xymenes,Reuben,xreubenlz@bluehost.com,Male,96.119.105.234,1975-10-31
793,Rem,Neighbour,rneighbourm0@opensource.org,Male,69.232.92.172,1981-05-03
794,Erskine,Andri,eandrim1@delicious.com,Male,234.193.129.242,1978-04-25
795,Chrisy,Ollin,collinm2@ed.gov,Male,163.238.81.7,1991-03-30
796,Antonetta,Boler,abolerm3@ovh.net,Female,247.224.215.70,2014-10-23
797,Karylin,Klaussen,kklaussenm4@biblegateway.com,Female,246.221.50.146,1984-10-19
798,Farrel,Papps,fpappsm5@diigo.com,Male,134.113.197.193,1978-04-08
799,Callie,Cowl,ccowlm6@omniture.com,Female,25.225.228.190,1986-01-25
800,Harman,Compton,hcomptonm7@craigslist.org,Male,205.105.172.102,1973-12-08
801,Matthus,Fuge,mfugem8@nba.com,Male,18.218.81.215,1970-11-13
802,Murielle,Hackelton,mhackeltonm9@sciencedirect.com,Female,113.189.169.43,1999-06-04
803,Claudio,Dreigher,cdreigherma@howstuffworks.com,Male,50.26.177.34,1998-06-10
804,Cleve,Schleicher,cschleichermb@si.edu,Male,79.101.66.116,1976-09-08
805,Min,Sebrens,msebrensmc@flavors.me,Female,9.116.72.68,1997-10-10
806,Taddeusz,Jordi,tjordimd@yandex.ru,Male,178.72.55.109,1996-09-15
807,Burr,Farlam,bfarlamme@dmoz.org,Male,219.77.89.200,2008-09-29
808,Berry,Dowyer,bdowyermf@unblog.fr,Female,167.97.66.153,1991-09-03
809,Pauly,Orpin,porpinmg@addthis.com,Female,130.129.190.171,1987-05-12
810,Floris,Pestor,fpestormh@meetup.com,Female,251.134.248.189,2010-12-18
811,Hamil,Clausewitz,hclausewitzmi@discovery.com,Male,195.191.210.55,1998-04-21
812,Evangelina,Stockbridge,estockbridgemj@eventbrite.com,Female,55.201.77.235,2011-10-19
813,Tammie,Dat,tdatmk@pcworld.com,Female,118.94.144.114,2008-03-31
814,Thebault,Shingfield,tshingfieldml@reddit.com,Male,223.54.67.49,1978-12-21
815,Chet,Limbert,climbertmm@whitehouse.gov,Male,151.254.246.233,2015-06-10
816,Alaine,Housam,ahousammn@jigsy.com,Female,200.238.14.9,1974-02-25
817,Lona,Ridewood,lridewoodmo@cafepress.com,Female,10.105.173.220,2004-06-12
818,Aila,Quilkin,aquilkinmp@google.co.uk,Female,230.222.11.149,2002-05-22
819,Vyky,Weatherup,vweatherupmq@moonfruit.com,Female,232.6.175.125,2002-03-26
820,Doralin,Valde,dvaldemr@disqus.com,Female,95.231.159.164,1999-01-17
821,Smitty,Grimolbie,sgrimolbiems@sfgate.com,Male,207.147.91.91,1992-04-24
822,Vanny,Izod,vizodmt@blog.com,Female,76.45.137.250,2015-08-02
823,Christoper,Threlfall,cthrelfallmu@squidoo.com,Male,123.135.183.134,1971-10-14
824,Hyacinth,Simpole,hsimpolemv@usda.gov,Female,252.13.133.113,1984-07-24
825,Druci,Bonelle,dbonellemw@is.gd,Female,220.173.59.171,1985-05-31
826,Lennard,Hessentaler,lhessentalermx@paypal.com,Male,75.184.186.78,1992-02-20
827,Mendy,Feedome,mfeedomemy@scientificamerican.com,Male,201.215.150.101,1987-02-28
828,Marnia,Rickett,mrickettmz@shareasale.com,Female,242.129.218.43,1987-03-26
829,Christye,Frangleton,cfrangletonn0@goo.gl,Female,177.221.222.32,1998-06-07
830,Noami,Farlamb,nfarlambn1@npr.org,Female,234.235.212.28,2003-01-10
831,Meredith,Ouver,mouvern2@miibeian.gov.cn,Female,35.212.199.239,1971-05-05
832,Joellyn,Weinmann,jweinmannn3@google.com.hk,Female,34.18.71.176,1971-07-27
833,Jonathon,Hughs,jhughsn4@paginegialle.it,Male,58.191.117.124,2010-09-23
834,Schuyler,McQuorkel,smcquorkeln5@stanford.edu,Male,92.242.227.19,1986-07-17
835,Eudora,Iacopetti,eiacopettin6@reverbnation.com,Female,246.96.122.103,2000-06-07
836,Lesly,Paylor,lpaylorn7@businesswire.com,Female,175.75.137.184,1993-07-07
837,Giffy,Brauninger,gbrauningern8@chron.com,Male,76.99.180.122,2001-12-20
838,Carissa,Shew,cshewn9@lycos.com,Female,129.86.111.4,2002-07-05
839,Arthur,Mosedill,amosedillna@yellowbook.com,Male,122.0.223.236,2008-03-16
840,Prentice,Moffat,pmoffatnb@etsy.com,Male,199.159.193.169,1994-10-01
841,Duff,Ranking,drankingnc@barnesandnoble.com,Male,220.114.18.89,1997-02-06
842,Abbey,Iskower,aiskowernd@ihg.com,Male,213.197.238.153,1976-04-03
843,Mella,Faircloth,mfairclothne@istockphoto.com,Female,3.201.35.164,1993-03-27
844,Byrle,Flaherty,bflahertynf@diigo.com,Male,82.214.201.52,1970-08-05
845,Harlin,Gaythor,hgaythorng@domainmarket.com,Male,215.89.68.179,1994-04-07
846,Durand,Quelch,dquelchnh@intel.com,Male,7.163.105.136,2016-05-29
847,Cazzie,Beckingham,cbeckinghamni@ihg.com,Male,114.174.137.222,1984-06-23
848,Almira,Stanislaw,astanislawnj@answers.com,Female,168.115.40.139,2014-09-20
849,Rickey,Polino,rpolinonk@weather.com,Male,242.28.240.158,1979-09-08
850,Rupert,Adacot,radacotnl@wunderground.com,Male,181.186.114.75,1996-10-14
851,Kariotta,Leitch,kleitchnm@nytimes.com,Female,146.78.139.41,2016-03-02
852,Kayne,Lewcock,klewcocknn@shutterfly.com,Male,172.209.237.84,2001-06-22
853,Kellby,Azam,kazamno@nsw.gov.au,Male,142.149.8.74,2005-04-03
854,Giralda,Eisikowitz,geisikowitznp@amazon.de,Female,166.237.222.144,1976-10-16
855,Harriet,Bumford,hbumfordnq@hubpages.com,Female,41.60.102.255,1983-05-02
856,Shelton,Langer,slangernr@wired.com,Male,204.82.171.96,2016-03-13
857,Sindee,Gheerhaert,sgheerhaertns@zimbio.com,Female,83.212.46.169,1994-09-18
858,Pepito,Phillins,pphillinsnt@ustream.tv,Male,151.22.203.247,2004-01-04
859,Shawn,Rawson,srawsonnu@cargocollective.com,Male,139.109.236.162,1993-03-28
860,Fletcher,Sealy,fsealynv@google.co.uk,Male,22.75.150.216,2009-12-27
861,Scarlet,Hearsum,shearsumnw@t-online.de,Female,175.50.43.226,1986-04-11
862,Cami,Aggas,caggasnx@wikispaces.com,Female,104.210.252.109,2007-06-26
863,Urson,Goldsberry,ugoldsberryny@amazon.de,Male,81.123.241.95,2004-06-29
864,Cordi,Fairley,cfairleynz@elegantthemes.com,Female,98.119.88.223,1975-10-12
865,Aileen,De Bernardi,adebernardio0@census.gov,Female,196.149.225.224,2015-12-10
866,Emma,Denisovich,edenisovicho1@paginegialle.it,Female,162.94.168.225,2002-06-24
867,Ania,Tuxell,atuxello2@about.me,Female,39.250.59.120,2006-11-14
868,Wanids,Jesse,wjesseo3@stumbleupon.com,Female,244.145.0.148,1992-04-29
869,Emelina,Franzoli,efranzolio4@craigslist.org,Female,225.1.135.248,2017-08-24
870,Guy,Nightingale,gnightingaleo5@nih.gov,Male,135.107.69.210,2018-02-11
871,Debbi,De La Salle,ddelasalleo6@barnesandnoble.com,Female,205.59.82.104,2002-02-28
872,Torr,Philbin,tphilbino7@abc.net.au,Male,9.235.121.16,1985-01-29
873,Stanton,Duffree,sduffreeo8@liveinternet.ru,Male,222.13.19.163,2015-12-10
874,Laural,Proud,lproudo9@123-reg.co.uk,Female,4.108.166.51,1998-11-18
875,Lancelot,Blackeby,lblackebyoa@shutterfly.com,Male,29.6.42.121,1997-07-26
876,Rubie,Ebben,rebbenob@bloglines.com,Female,146.80.226.184,2014-10-15
877,Ardra,Tree,atreeoc@bloglines.com,Female,207.65.181.149,2003-04-05
878,Daria,Gabbatiss,dgabbatissod@prlog.org,Female,40.82.97.234,2000-12-24
879,Melinde,Padrick,mpadrickoe@wiley.com,Female,46.193.88.249,2004-03-23
880,Daffie,Duesbury,dduesburyof@dailymotion.com,Female,142.13.101.233,1982-08-01
881,Emmery,Cattel,ecattelog@prweb.com,Male,76.0.198.226,1979-12-30
882,Ettore,Heinsen,eheinsenoh@ox.ac.uk,Male,234.5.251.58,1991-07-24
883,Rudie,Perillo,rperillooi@gravatar.com,Male,53.95.185.43,1989-09-27
884,Sascha,Clemenza,sclemenzaoj@go.com,Male,117.138.19.156,2004-02-21
885,Channa,Buffy,cbuffyok@mediafire.com,Female,220.41.146.16,1995-07-03
886,Abner,Beasleigh,abeasleighol@mac.com,Male,197.20.211.7,1981-11-10
887,Milo,Deas,mdeasom@rediff.com,Male,40.15.159.31,2008-12-28
888,Noreen,Wholesworth,nwholesworthon@amazon.com,Female,132.11.102.221,1987-11-26
889,Vaughn,Duffer,vdufferoo@umich.edu,Male,15.18.135.239,1981-11-04
890,Mattias,Laffoley-Lane,mlaffoleylaneop@myspace.com,Male,138.25.24.154,1997-11-01
891,Halette,Noddle,hnoddleoq@geocities.jp,Female,10.110.174.163,1982-04-05
892,Ashla,Kenaway,akenawayor@newyorker.com,Female,228.73.251.25,2005-09-27
893,Ilario,Pockey,ipockeyos@lulu.com,Male,225.253.253.61,1985-04-26
894,Millicent,Kelledy,mkelledyot@prlog.org,Female,249.112.14.138,1997-10-23
895,Cam,Cressingham,ccressinghamou@state.tx.us,Male,246.195.88.204,1996-02-04
896,Mateo,Blaisdell,mblaisdellov@blogspot.com,Male,233.19.24.2,1976-02-03
897,Evelina,Daskiewicz,edaskiewiczow@deviantart.com,Female,32.52.135.165,1990-07-13
898,Evvie,Butts,ebuttsox@about.com,Female,37.244.43.211,1977-07-30
899,Howie,Sweatman,hsweatmanoy@usa.gov,Male,73.109.224.128,1990-05-09
900,Gerri,Edgson,gedgsonoz@nytimes.com,Male,231.112.81.122,1973-11-22
901,Zenia,Hanby,zhanbyp0@fda.gov,Female,115.145.61.254,2011-05-25
902,Gillie,Marwood,gmarwoodp1@g.co,Female,250.66.247.199,1987-12-30
903,Pearce,Crimes,pcrimesp2@time.com,Male,184.111.3.92,1984-08-06
904,Beauregard,Bruton,bbrutonp3@4shared.com,Male,241.158.244.102,2010-06-20
905,Rogers,Fatharly,rfatharlyp4@tuttocitta.it,Male,251.184.235.126,2014-11-15
906,Hendrika,Aaronson,haaronsonp5@yellowpages.com,Female,152.17.250.213,1986-06-24
907,Robbin,Robiou,rrobioup6@dell.com,Female,249.173.19.101,1977-09-09
908,Jock,Muxworthy,jmuxworthyp7@woothemes.com,Male,195.246.138.115,2011-10-03
909,Heinrick,Rettie,hrettiep8@example.com,Male,55.105.108.20,2008-02-01
910,Todd,Sparshatt,tsparshattp9@sfgate.com,Male,63.33.8.220,2011-04-29
911,Beitris,Waddam,bwaddampa@ameblo.jp,Female,54.111.16.224,1978-11-19
912,Leta,Cauldfield,lcauldfieldpb@twitter.com,Female,55.106.19.31,1991-06-11
913,Dall,Luckhurst,dluckhurstpc@discuz.net,Male,59.9.146.84,1981-03-22
914,Carie,Larway,clarwaypd@feedburner.com,Female,48.232.57.19,2000-11-08
915,Devin,Gagin,dgaginpe@ehow.com,Male,135.63.78.160,1977-07-26
916,Gerianna,Daglish,gdaglishpf@parallels.com,Female,94.153.159.50,2003-05-22
917,Giacopo,Edgett,gedgettpg@hhs.gov,Male,173.51.240.208,2008-07-02
918,Shanta,Coventon,scoventonph@forbes.com,Female,225.65.113.177,1997-11-27
919,Filbert,Brack,fbrackpi@discuz.net,Male,40.93.129.186,1990-01-11
920,Leila,Twitching,ltwitchingpj@google.ru,Female,57.203.228.227,2013-06-26
921,Tobye,Flay,tflaypk@tripod.com,Female,232.18.205.90,2007-02-16
922,Alfie,McGing,amcgingpl@wsj.com,Male,186.45.73.148,2000-10-13
923,Baldwin,Conkay,bconkaypm@dropbox.com,Male,179.191.105.6,1987-12-02
924,Jessie,Wabersich,jwabersichpn@slideshare.net,Male,252.109.154.34,1995-05-16
925,Manya,Haselup,mhaseluppo@trellian.com,Female,186.235.197.106,1978-04-12
926,Morganica,Bedberry,mbedberrypp@toplist.cz,Female,164.243.110.185,1987-05-13
927,Ellery,Vacher,evacherpq@tripod.com,Male,72.16.154.174,2003-06-15
928,Ozzie,Peterson,opetersonpr@jiathis.com,Male,202.154.82.209,1995-04-22
929,Sumner,Tarling,starlingps@seattletimes.com,Male,140.228.123.147,2000-10-04
930,Jemmy,Ebbens,jebbenspt@pcworld.com,Female,183.33.193.203,1998-07-06
931,Lorry,Stain,lstainpu@yale.edu,Male,248.247.46.136,1971-02-26
932,Clarissa,Fick,cfickpv@paginegialle.it,Female,3.125.163.51,2005-06-19
933,Isabel,Daye,idayepw@whitehouse.gov,Female,116.249.219.27,1998-05-31
934,Major,Autin,mautinpx@amazon.co.uk,Male,140.163.121.11,1992-02-22
935,Vanni,Winters,vwinterspy@sciencedirect.com,Female,104.110.237.233,1976-07-16
936,Olga,Norcliff,onorcliffpz@weebly.com,Female,253.142.172.57,1985-06-06
937,Luigi,McCullouch,lmccullouchq0@utexas.edu,Male,148.64.168.143,2008-05-17
938,Vinny,Loving,vlovingq1@nba.com,Male,186.254.56.38,1980-02-05
939,Eamon,Aiken,eaikenq2@jalbum.net,Male,34.243.201.187,2004-06-08
940,Henriette,Pizzie,hpizzieq3@answers.com,Female,162.108.221.185,2015-01-30
941,Casi,O'Hdirscoll,cohdirscollq4@answers.com,Female,254.24.52.117,1992-08-02
942,Adolpho,Raden,aradenq5@nationalgeographic.com,Male,61.252.131.71,1987-01-25
943,Shaughn,Langstrath,slangstrathq6@parallels.com,Male,66.167.87.206,1985-10-16
944,Mozes,Govini,mgoviniq7@forbes.com,Male,133.131.161.14,1974-05-28
945,Bonny,Starten,bstartenq8@free.fr,Female,47.76.205.174,1981-09-05
946,Joice,Cubitt,jcubittq9@paginegialle.it,Female,209.60.149.219,1991-05-01
947,Bethina,Commusso,bcommussoqa@friendfeed.com,Female,136.63.25.236,1973-08-29
948,Arin,Storrie,astorrieqb@over-blog.com,Male,129.29.90.1,2015-05-08
949,Laurie,Huddle,lhuddleqc@smugmug.com,Male,134.142.169.149,1981-12-23
950,Leoline,Castano,lcastanoqd@oaic.gov.au,Female,97.169.26.102,1976-11-28
951,Garwin,Headford,gheadfordqe@comsenz.com,Male,152.23.90.27,2009-12-10
952,Crosby,Francey,cfranceyqf@plala.or.jp,Male,70.144.82.7,2000-06-14
953,Allin,Grint,agrintqg@webnode.com,Male,247.246.66.1,2005-06-28
954,Raquela,Arangy,rarangyqh@forbes.com,Female,71.147.155.61,1980-06-23
955,Jacob,Kitney,jkitneyqi@mashable.com,Male,199.97.218.120,1995-05-24
956,Charmain,Cayette,ccayetteqj@hao123.com,Female,45.37.70.64,1985-07-06
957,Amandy,Huston,ahustonqk@sourceforge.net,Female,21.243.187.10,2011-03-08
958,Guthry,Chimes,gchimesql@bloglines.com,Male,116.117.69.17,1984-11-09
959,Mick,Athelstan,mathelstanqm@pen.io,Male,214.65.21.88,1999-11-22
960,Tandi,Reaveley,treaveleyqn@techcrunch.com,Female,226.71.26.48,2001-02-28
961,Yolane,Puddifer,ypuddiferqo@nytimes.com,Female,137.32.169.235,1999-06-16
962,Perice,Pfeffer,ppfefferqp@indiatimes.com,Male,117.172.248.177,2014-11-09
963,Micah,Spurret,mspurretqq@ocn.ne.jp,Male,62.180.33.245,1986-09-19
964,Bradford,Heinsen,bheinsenqr@google.co.uk,Male,223.56.127.25,1991-03-27
965,Matthiew,Arthan,marthanqs@adobe.com,Male,245.135.251.95,2011-09-11
966,Esta,Zavittieri,ezavittieriqt@webnode.com,Female,242.46.192.218,2004-05-09
967,Veriee,Thornton-Dewhirst,vthorntondewhirstqu@canalblog.com,Female,51.35.156.131,1997-10-24
968,Erik,Plomer,eplomerqv@latimes.com,Male,54.240.207.97,2004-06-30
969,Titos,Gremane,tgremaneqw@nba.com,Male,11.227.223.48,1987-07-11
970,Afton,Mahony,amahonyqx@ucla.edu,Female,182.132.44.64,1972-10-29
971,Ryan,Antoniutti,rantoniuttiqy@psu.edu,Male,10.223.92.72,1972-11-01
972,Dare,Eastman,deastmanqz@ning.com,Male,85.146.41.128,1970-08-01
973,Eleni,Turfs,eturfsr0@cam.ac.uk,Female,45.133.201.42,1982-03-21
974,Linda,Coom,lcoomr1@stanford.edu,Female,123.253.19.144,1979-03-03
975,Nilson,Brizell,nbrizellr2@miitbeian.gov.cn,Male,75.219.172.119,1991-02-09
976,Wilbert,Cutmore,wcutmorer3@acquirethisname.com,Male,106.204.210.63,2007-05-03
977,Beryl,Voce,bvocer4@nbcnews.com,Female,78.1.243.36,1989-09-24
978,Fairleigh,Pawnsford,fpawnsfordr5@cmu.edu,Male,191.106.20.127,1999-06-27
979,Sonny,Marsay,smarsayr6@hp.com,Male,149.83.116.209,1980-06-16
980,Anjanette,Yakunikov,ayakunikovr7@multiply.com,Female,140.114.129.15,2010-06-25
981,Richardo,Pacht,rpachtr8@sfgate.com,Male,209.56.155.229,2015-03-29
982,Emmy,Blackden,eblackdenr9@simplemachines.org,Female,130.227.107.238,2002-11-14
983,Lulita,Sloat,lsloatra@usda.gov,Female,32.218.89.195,1993-06-09
984,Minnnie,Zima,mzimarb@cpanel.net,Female,173.195.177.59,1970-06-06
985,Rodolphe,Daulby,rdaulbyrc@sciencedirect.com,Male,223.4.68.61,1992-05-12
986,Gabriel,Dewett,gdewettrd@mozilla.com,Male,140.203.200.115,1997-08-10
987,Linzy,Lucian,llucianre@bloglines.com,Female,167.247.163.202,1991-05-27
988,Fabio,Whitsun,fwhitsunrf@wp.com,Male,65.140.153.106,1973-12-28
989,Phaedra,Quartly,pquartlyrg@dailymail.co.uk,Female,89.51.9.158,2000-05-29
990,York,Alben,yalbenrh@about.me,Male,101.74.252.234,1971-11-27
991,Kendall,Swate,kswateri@admin.ch,Male,91.112.209.72,1987-05-24
992,Sybille,Orsman,sorsmanrj@phoca.cz,Female,242.60.44.4,1995-11-13
993,Chauncey,Dyte,cdyterk@livejournal.com,Male,171.186.197.199,1991-12-24
994,Gary,Browse,gbrowserl@g.co,Male,201.79.142.188,2007-03-06
995,Aubrey,Jesty,ajestyrm@behance.net,Female,203.198.170.226,2014-11-12
996,Murdoch,De Pietri,mdepietrirn@naver.com,Male,95.40.70.146,1984-01-26
997,Godfrey,Sanzio,gsanzioro@furl.net,Male,171.9.249.96,2005-02-15
998,Tessi,Twinbrow,ttwinbrowrp@archive.org,Female,98.158.59.208,2002-07-21
999,Merle,MacPaden,mmacpadenrq@surveymonkey.com,Male,93.111.231.4,2010-03-24
1000,Emmott,Merriment,emerrimentrr@home.pl,Male,225.23.175.2,1970-10-17
